Resposta,Esquema,Nº de variáveis,Nº de parâmetros,BIC busca,Fórmula,RMSE,MAE,R² fora da amostra,R² ajustado,BIC,Maior GVIF^(1/(2·GL)),Termo do maior GVIF,RESET p,Shapiro-Wilk p,Correlação QQ,Breusch-Pagan p,Durbin-Watson,I de Moran,Moran p,RESET ok,Normalidade ok,Breusch-Pagan ok,VIF ok,Escore
MEDV,V0 originais,1,2,3266.7067930765706,MEDV ~ LSTAT,6.2404482437284825,4.565921791073521,0.5238869772417323,0.5433174115372187,3266.706793076571,1.0,LSTAT,1.3808420186954437e-27,1.8595736660079858e-19,0.9364746933141866,9.561188263840123e-05,0.8936967365805651,0.4104083662548926,1.5823190099370996e-65,False,False,False,True,1
MEDV,V0 originais,2,3,3156.820643517893,MEDV ~ RM + LSTAT,5.56683561547081,4.014562833673631,0.6100099037834934,0.6370545359304725,3156.820643517893,1.269093004067255,RM,9.38671725417882e-43,6.760194111926064e-17,0.9513618780402368,0.4563890198255085,0.836326157179823,0.4595564975652372,1.3238190735026466e-81,False,False,True,True,2
MEDV,V0 originais,3,4,3103.206185313874,MEDV ~ RM + PTRATIO + LSTAT,5.236800126155393,3.705320361887222,0.6564357153532918,0.6772624819824645,3103.2061853138734,1.299667346483568,LSTAT,8.383416234167847e-37,4.2899860191035373e-19,0.937782442554967,0.6120049853038247,0.9033379467695166,0.4189513864483829,3.4176600389135643e-68,False,False,True,True,2
MEDV,V0 originais,4,5,3091.3257437821317,MEDV ~ RM + DIS + PTRATIO + LSTAT,5.164880314950698,3.6572786067009835,0.6652528107063111,0.6880847229720852,3091.3257437821317,1.4704134026468318,LSTAT,1.9892641355593318e-39,5.1356135368068475e-17,0.9506755715554094,1.3109937706795351e-05,0.9764627254109356,0.38678728709673327,1.9360983988459733e-58,False,False,False,True,1
MEDV,V0 originais,5,6,3066.760122730422,MEDV ~ NOX + RM + DIS + PTRATIO + LSTAT,5.002081559316953,3.566148754577744,0.6857799040063103,0.7060798311510359,3066.7601227304217,1.7042420062576233,NOX,3.379398447159511e-35,5.429213902249118e-18,0.94499166176912,1.2106336014607471e-05,0.9751877401232323,0.375326227220128,3.770446719448495e-55,False,False,False,True,1
MEDV,V0 originais,6,7,3059.7265927426306,MEDV ~ C(CHAS) + NOX + RM + DIS + PTRATIO + LSTAT,4.95706409737899,3.5425497444183036,0.6889989338826302,0.713171905080795,3059.7265927426306,1.7074607837323645,NOX,1.771978775525179e-33,1.831613489972111e-17,0.9478278515054976,1.7059618834837674e-06,1.0539365329620207,0.34991934974909766,3.314105237199478e-48,False,False,False,True,1
MEDV,V0 originais,7,8,3054.310157036008,MEDV ~ C(CHAS) + NOX + RM + DIS + PTRATIO + B + LSTAT,4.931002340254326,3.4604986834021787,0.6875840277335463,0.7191867766583262,3054.3101570360077,1.738333669148076,NOX,1.8563970131566326e-34,1.0840285674353719e-18,0.9401377006843437,3.342615401905083e-06,1.0500177943353253,0.35840588233050424,1.7958074033758778e-50,False,False,False,True,1
MEDV,V0 originais,8,9,3052.778459371541,MEDV ~ ZN + C(CHAS) + NOX + RM + DIS + PTRATIO + B + LSTAT,4.915933646126172,3.4339931675906263,0.6903263771520638,0.722934332719245,3052.778459371541,1.842749443672106,DIS,8.144608427458912e-34,4.546685247405326e-18,0.9441234252673067,2.2983318783090344e-06,1.0703098980512529,0.3560512949896898,7.733116957115426e-50,False,False,False,True,1
MEDV,V0 originais,9,10,3054.7961769590415,MEDV ~ CRIM + ZN + C(CHAS) + NOX + RM + DIS + PTRATIO + B + LSTAT,4.9028237838902395,3.4224111540390254,0.6922577731127031,0.7246871416372536,3054.7961769590415,1.8581539086135757,DIS,1.1378359137580043e-35,9.575042801617825e-19,0.9398029668158682,9.134862969496405e-07,1.0606728838853148,0.3657149546548164,1.8183152890984237e-52,False,False,False,True,1
MEDV,V0 originais,10,11,3052.596154991047,MEDV ~ CRIM + C(CHAS) + NOX + RM + DIS + PTRATIO + B + LSTAT + TAX + C(RAD == 24),4.8601152971671,3.442643117934007,0.6966720366057044,0.7287211665460613,3052.5961549910453,2.6296596777344137,TAX,1.0511750504734867e-37,3.1354260233046975e-18,0.9431216529188642,4.932273928025231e-09,1.0624737170255198,0.36323164749290443,8.745765038363469e-52,False,False,False,False,0
MEDV,V0 originais,11,12,3050.428749898512,MEDV ~ CRIM + ZN + C(CHAS) + NOX + RM + DIS + PTRATIO + B + LSTAT + TAX + C(RAD == 24),4.8352685612432,3.4036632719147577,0.700415334951403,0.7326775664789038,3050.4287498985104,2.649929809490553,TAX,1.0527047625323714e-35,3.8916864226062875e-18,0.9437253936028291,1.6309102550550326e-08,1.0786513364118333,0.3631677401368753,9.105247271449946e-52,False,False,False,False,0
MEDV,V0 originais,12,13,3056.600672827756,MEDV ~ CRIM + ZN + INDUS + C(CHAS) + NOX + RM + DIS + PTRATIO + B + LSTAT + TAX + C(RAD == 24),4.846717992461969,3.4149857942378743,0.699005436634855,0.7321536643426028,3056.6006728277544,2.8859153244119824,TAX,5.146953780740238e-36,3.996234654500915e-18,0.9438002815999819,3.911457806539223e-08,1.0789899820129452,0.363172649348772,9.07711858251506e-52,False,False,False,False,0
MEDV,V0 originais,13,14,3062.797756618394,MEDV ~ CRIM + ZN + INDUS + C(CHAS) + NOX + RM + AGE + DIS + PTRATIO + B + LSTAT + TAX + C(RAD == 24),4.857005651523528,3.419122948829243,0.6975901493405483,0.7316141301790051,3062.797756618393,2.8876332630372645,TAX,4.4515288729304126e-36,4.0042038223070444e-18,0.943806367720166,1.2702259044765873e-08,1.080916666708607,0.36200019156969665,1.8982837705397262e-51,False,False,False,False,0
MEDV,V1 log,1,2,3112.745781226241,MEDV ~ logLSTAT,5.330826918721641,3.924451556814225,0.6497135068920759,0.6641444402267578,3112.74578122624,1.0,logLSTAT,4.6167034404564925e-05,6.980956175573189e-15,0.9620283157570899,1.1055197239931425e-07,0.9241242554715201,0.42448933247433385,5.981249647064464e-70,False,False,False,True,1
MEDV,V1 log,2,3,3051.935619427337,MEDV ~ RM + logLSTAT,5.021380812094381,3.7321868227143193,0.6845742334345849,0.7056112299946266,3051.9356194273364,1.3413630923090634,RM,3.3816991792442782e-12,2.6265571285094764e-14,0.964024128590219,0.02516040286318992,0.8534302998421853,0.46083751330847333,4.772459846714614e-82,False,False,False,True,1
MEDV,V1 log,3,4,3010.2771680192423,MEDV ~ RM + PTRATIO + logLSTAT,4.779097331714922,3.4850094698473155,0.7151195416943116,0.7319020779206262,3010.2771680192413,1.3902051910554125,logLSTAT,1.6618229339726986e-11,6.201562206713788e-17,0.9508595280160073,0.012565812992177945,0.9153436116308364,0.4317676098292948,2.710363695106575e-72,False,False,False,True,1
MEDV,V1 log,4,5,2979.8834779336325,MEDV ~ RM + logDIS + PTRATIO + logLSTAT,4.639853713432727,3.4187699262665845,0.7310858987005637,0.7502920710830328,2979.883477933631,1.5822853495917162,logLSTAT,2.8268732953108204e-10,1.998591298025953e-12,0.9715853844199165,1.3374904222833083e-10,1.0364873588652597,0.37642488706581306,1.8420257799929933e-55,False,False,False,True,1
MEDV,V1 log,5,6,2946.697081593931,MEDV ~ NOX + RM + logDIS + PTRATIO + logLSTAT,4.465994164991247,3.2861618880467014,0.751771522023889,0.7687125273299134,2946.6970815939294,1.910427908513031,NOX,1.5903948019558224e-10,8.234826024664716e-12,0.9739622548387377,6.588919956891146e-12,1.0642369208991609,0.34986096699550484,3.433764899502108e-48,False,False,False,True,1
MEDV,V1 log,6,7,2937.8751946820967,MEDV ~ NOX + RM + logDIS + PTRATIO + B + logLSTAT,4.42711643055642,3.2170515551199776,0.7530105296500473,0.7750975617250028,2937.8751946820953,1.9358882657131617,NOX,1.5201302347275998e-12,5.54184970154069e-13,0.9695049044270665,6.460152175693147e-12,1.0711903321661784,0.35514157409798564,1.35594121839513e-49,False,False,False,True,1
MEDV,V1 log,7,8,2931.8384515280018,MEDV ~ C(CHAS) + NOX + RM + logDIS + PTRATIO + B + logLSTAT,4.38128337323972,3.179236144728164,0.7569616368001453,0.7800862859172766,2931.838451528,1.9414482681830656,NOX,4.061124437516065e-11,5.527064802849846e-13,0.9693052332593431,6.9473714325076024e-12,1.1369733832048572,0.3282599612166249,1.1519302446428281e-42,False,False,False,True,1
MEDV,V1 log,8,9,2934.960442950142,MEDV ~ INDUS + C(CHAS) + NOX + RM + logDIS + PTRATIO + B + logLSTAT,4.377809304879611,3.1830129972187735,0.7574929181377972,0.7809962522580055,2934.96044295014,2.0409831500491964,NOX,1.1094437952850759e-11,9.995838860871708e-13,0.9703074230819853,9.99738955986554e-12,1.1395004863890463,0.3257264725498516,4.8618688322522115e-42,False,False,False,True,1
MEDV,V1 log,9,10,2930.5410433601674,MEDV ~ C(CHAS) + NOX + RM + logDIS + PTRATIO + B + logLSTAT + TAX + C(RAD == 24),4.330036580452615,3.145116245966074,0.762041994775992,0.7851599325337452,2930.541043360164,2.638198891897302,TAX,5.976081682565229e-12,9.834753815985525e-13,0.9702659509177486,2.4975530349249572e-14,1.1357646619038417,0.32466026858070013,8.883105473230084e-42,False,False,False,False,0
MEDV,V1 log,10,11,2935.327026713181,MEDV ~ C(CHAS) + NOX + RM + AGE + logDIS + PTRATIO + B + logLSTAT + TAX + C(RAD == 24),4.331737140682175,3.142320632004354,0.761657036842392,0.7853353417680778,2935.327026713178,2.638541370766922,TAX,1.7618601161603898e-11,8.60969300718721e-13,0.9700769661494879,2.3374210311892824e-13,1.153669826220067,0.3141903393403829,2.979797281826796e-39,False,False,False,False,0
MEDV,V1 log,11,12,2941.117991814552,MEDV ~ logCRIM + C(CHAS) + NOX + RM + AGE + logDIS + PTRATIO + B + logLSTAT + TAX + C(RAD == 24),4.338577809213406,3.1427382860971913,0.7610326308107034,0.7850790254934665,2941.117991814549,2.800095452871485,C(RAD == 24),1.6090395945173282e-11,7.824510512080977e-13,0.9699346100366417,4.06104815813415e-13,1.155791112493592,0.3125155688034536,7.423988299032825e-39,False,False,False,False,0
MEDV,V1 log,12,13,2946.8675746762187,MEDV ~ logCRIM + INDUS + C(CHAS) + NOX + RM + AGE + logDIS + PTRATIO + B + logLSTAT + TAX + C(RAD == 24),4.3464210700126324,3.1512259337900455,0.7602757916887567,0.7848392761514607,2946.8675746762156,2.877783563273216,C(RAD == 24),1.197711074975352e-11,1.0890902660841448e-12,0.9704935051647645,3.1125159789658545e-13,1.157665847561628,0.31175275777830697,1.1233613064578307e-38,False,False,False,False,0
MEDV,V1 log,13,14,2952.9949666715756,MEDV ~ logCRIM + ZN + INDUS + C(CHAS) + NOX + RM + AGE + logDIS + PTRATIO + B + logLSTAT + TAX + C(RAD == 24),4.354112069178912,3.15291023187251,0.7595661782253446,0.7844358570541097,2952.994966671573,2.8995780885834423,C(RAD == 24),5.9649860469087345e-12,1.1305505122026986e-12,0.9705639213112833,5.777192742935839e-13,1.158141411243492,0.31210324004790485,9.28804157215951e-39,False,False,False,False,0
MEDV,V2 log + quadráticos,1,3,3102.2463211281392,MEDV ~ logLSTAT + I(logLSTAT_c**2),5.235304173471436,3.8733833431823137,0.6622006422436577,0.674513234107402,3102.246321128139,1.0333447898396622,logLSTAT,0.5583292844631176,1.5871619132893415e-14,0.9635238858980806,1.820685079509186e-06,0.9489278211659798,0.421422162491475,5.658269301378502e-69,True,False,False,True,2
MEDV,V2 log + quadráticos,2,5,2968.900077982281,MEDV ~ RM_c + I(RM_c**2) + logLSTAT + I(logLSTAT_c**2),4.572248428588031,3.287133990063906,0.7359467561059608,0.7557068358347513,2968.90007798228,1.353697809790026,logLSTAT,0.6233458415692014,1.714936649153238e-17,0.9459668307104558,0.001245315997755429,0.8863447735939117,0.41397247536824006,1.2411737294078577e-66,True,False,False,True,2
MEDV,V2 log + quadráticos,3,6,2933.2410617727846,MEDV ~ RM_c + I(RM_c**2) + PTRATIO + logLSTAT + I(logLSTAT_c**2),4.378963847264853,3.0770114198220897,0.7583374154737653,0.7748418409791121,2933.2410617727833,1.4009425972997842,logLSTAT,0.09548872420512437,1.0793774961340726e-19,0.9317235185675401,0.0035381849548853286,0.9318016631426373,0.39615759411924134,3.34941142971005e-61,True,False,False,True,2
MEDV,V2 log + quadráticos,4,7,2920.745284401285,MEDV ~ RM_c + I(RM_c**2) + PTRATIO + B + logLSTAT + I(logLSTAT_c**2),4.31064846769883,2.944817671928017,0.7645180360804015,0.7826573234019067,2920.745284401284,1.4913108740915824,logLSTAT,0.14583434283893829,5.4427488608485514e-21,0.9218450309699515,0.003598723858056674,0.9281794617562182,0.4019134741914506,6.251919069859363e-63,True,False,False,True,2
MEDV,V2 log + quadráticos,5,8,2892.278491819664,MEDV ~ NOX + RM_c + I(RM_c**2) + logDIS + PTRATIO + logLSTAT + I(logLSTAT_c**2),4.184550090099168,2.964626087267759,0.7803079160736955,0.7967832252343272,2892.2784918196626,1.9117023867802898,NOX,6.630015633117344e-05,4.877611380800117e-17,0.9488330184598485,1.6150353411107567e-09,1.0277415749489422,0.33551840668138383,1.7511939966786738e-44,False,False,False,True,1
MEDV,V2 log + quadráticos,6,9,2881.8067342178583,MEDV ~ NOX + RM_c + I(RM_c**2) + logDIS + PTRATIO + B + logLSTAT + I(logLSTAT_c**2),4.134441255305224,2.8910761381561736,0.7842481779334609,0.8030413879327333,2881.8067342178565,1.9370759547464227,NOX,7.097998361751006e-05,5.2684589164350146e-18,0.9430065683477207,2.0859890924361383e-09,1.0285439731191233,0.3429000301468938,2.2607973086230564e-46,False,False,False,True,1
MEDV,V2 log + quadráticos,7,10,2874.7539707868896,MEDV ~ C(CHAS) + NOX + RM_c + I(RM_c**2) + logDIS + PTRATIO + B + logLSTAT + I(logLSTAT_c**2),4.090412258140613,2.856352508745183,0.7866340366531472,0.8077988582768647,2874.753970786888,1.9427533283065799,NOX,0.0022168703648671175,2.3528812746314972e-18,0.9405463584815583,7.36741202338271e-11,1.0988959181203473,0.3145076400648241,2.505191692973553e-39,False,False,False,True,1
MEDV,V2 log + quadráticos,8,11,2877.9235585565066,MEDV ~ C(CHAS) + NOX + RM_c + I(RM_c**2) + logDIS + PTRATIO + B + logLSTAT + I(logLSTAT_c**2) + TAX,4.080479970564633,2.8217227654122903,0.7873415034152667,0.8085743848396567,2877.923558556505,2.0641146802168393,NOX,0.003901138341841925,5.526113927347054e-19,0.9364110837773748,6.255972903836298e-13,1.0870460892807474,0.3174922955590707,4.857938791644623e-40,False,False,False,True,1
MEDV,V2 log + quadráticos,9,12,2875.346555343226,MEDV ~ C(CHAS) + NOX + RM_c + I(RM_c**2) + logDIS + PTRATIO + B + logLSTAT + I(logLSTAT_c**2) + TAX + C(RAD == 24),4.046264525467162,2.8211315332713083,0.7903118566099321,0.8115203416489414,2875.346555343224,2.642550784100802,TAX,0.00024203904931218266,1.982074777419849e-18,0.9400709277345604,2.2599328223454004e-13,1.0908724141697548,0.3147347401294826,2.2124234026348466e-39,False,False,False,False,0
MEDV,V2 log + quadráticos,10,13,2881.0953383498063,MEDV ~ C(CHAS) + NOX + RM_c + I(RM_c**2) + AGE + logDIS + PTRATIO + B + logLSTAT + I(logLSTAT_c**2) + TAX + C(RAD == 24),4.061257970874484,2.8251980777267773,0.788468559092684,0.8113103894560633,2881.0953383498036,2.6427440909889692,TAX,0.00027869636469905973,2.4027965436046896e-18,0.9406274373140083,8.213503667605345e-13,1.1003810576543316,0.3089557647661731,5.08625107847408e-38,False,False,False,False,0
MEDV,V2 log + quadráticos,11,14,2887.124057572456,MEDV ~ ZN + C(CHAS) + NOX + RM_c + I(RM_c**2) + AGE + logDIS + PTRATIO + B + logLSTAT + I(logLSTAT_c**2) + TAX + C(RAD == 24),4.069509769097915,2.834534231997351,0.787645616414752,0.8109938315442414,2887.1240575724537,2.670582526326823,TAX,0.0003840656227029255,2.281629787619553e-18,0.9404776705750991,1.5696921346482789e-12,1.1002057802338137,0.3080639781370336,8.20910910693506e-38,False,False,False,False,0
MEDV,V2 log + quadráticos,12,15,2893.020221666131,MEDV ~ logCRIM + ZN + C(CHAS) + NOX + RM_c + I(RM_c**2) + AGE + logDIS + PTRATIO + B + logLSTAT + I(logLSTAT_c**2) + TAX + C(RAD == 24),4.075365369922221,2.845967484997767,0.7867695219297267,0.8107260292279711,2893.0202216661282,2.8363567352666874,C(RAD == 24),0.0005400928856619708,2.0468823797305937e-18,0.9401445647680541,5.3615458136025695e-12,1.0974154002244076,0.309118487242531,4.6601443702843247e-38,False,False,False,False,0
MEDV,V2 log + quadráticos,13,16,2899.1774546453325,MEDV ~ logCRIM + ZN + INDUS + C(CHAS) + NOX + RM_c + I(RM_c**2) + AGE + logDIS + PTRATIO + B + logLSTAT + I(logLSTAT_c**2) + TAX + C(RAD == 24),4.08309987432048,2.8528358052418645,0.7860411448020531,0.8103582492468595,2899.17745464533,2.900908224799454,C(RAD == 24),0.0006247414202305952,1.8224848442778483e-18,0.9398145960026781,1.0539125874905162e-11,1.0971073387796475,0.3090114410701171,4.936267160906083e-38,False,False,False,False,0
MEDV,V3 = V2 + ZN > 0,1,3,3102.2463211281392,MEDV ~ logLSTAT + I(logLSTAT_c**2),5.235304173471436,3.8733833431823137,0.6622006422436577,0.674513234107402,3102.246321128139,1.0333447898396622,logLSTAT,0.5583292844631176,1.5871619132893415e-14,0.9635238858980806,1.820685079509186e-06,0.9489278211659798,0.421422162491475,5.658269301378502e-69,True,False,False,True,2
MEDV,V3 = V2 + ZN > 0,2,5,2968.900077982281,MEDV ~ RM_c + I(RM_c**2) + logLSTAT + I(logLSTAT_c**2),4.572248428588031,3.287133990063906,0.7359467561059608,0.7557068358347513,2968.90007798228,1.353697809790026,logLSTAT,0.6233458415692014,1.714936649153238e-17,0.9459668307104558,0.001245315997755429,0.8863447735939117,0.41397247536824006,1.2411737294078577e-66,True,False,False,True,2
MEDV,V3 = V2 + ZN > 0,3,6,2933.2410617727846,MEDV ~ RM_c + I(RM_c**2) + PTRATIO + logLSTAT + I(logLSTAT_c**2),4.378963847264853,3.0770114198220897,0.7583374154737653,0.7748418409791121,2933.2410617727833,1.4009425972997842,logLSTAT,0.09548872420512437,1.0793774961340726e-19,0.9317235185675401,0.0035381849548853286,0.9318016631426373,0.39615759411924134,3.34941142971005e-61,True,False,False,True,2
MEDV,V3 = V2 + ZN > 0,4,7,2920.745284401285,MEDV ~ RM_c + I(RM_c**2) + PTRATIO + B + logLSTAT + I(logLSTAT_c**2),4.31064846769883,2.944817671928017,0.7645180360804015,0.7826573234019067,2920.745284401284,1.4913108740915824,logLSTAT,0.14583434283893829,5.4427488608485514e-21,0.9218450309699515,0.003598723858056674,0.9281794617562182,0.4019134741914506,6.251919069859363e-63,True,False,False,True,2
MEDV,V3 = V2 + ZN > 0,5,8,2892.278491819664,MEDV ~ NOX + RM_c + I(RM_c**2) + logDIS + PTRATIO + logLSTAT + I(logLSTAT_c**2),4.184550090099168,2.964626087267759,0.7803079160736955,0.7967832252343272,2892.2784918196626,1.9117023867802898,NOX,6.630015633117344e-05,4.877611380800117e-17,0.9488330184598485,1.6150353411107567e-09,1.0277415749489422,0.33551840668138383,1.7511939966786738e-44,False,False,False,True,1
MEDV,V3 = V2 + ZN > 0,6,9,2881.8067342178583,MEDV ~ NOX + RM_c + I(RM_c**2) + logDIS + PTRATIO + B + logLSTAT + I(logLSTAT_c**2),4.134441255305224,2.8910761381561736,0.7842481779334609,0.8030413879327333,2881.8067342178565,1.9370759547464227,NOX,7.097998361751006e-05,5.2684589164350146e-18,0.9430065683477207,2.0859890924361383e-09,1.0285439731191233,0.3429000301468938,2.2607973086230564e-46,False,False,False,True,1
MEDV,V3 = V2 + ZN > 0,7,10,2874.7539707868896,MEDV ~ C(CHAS) + NOX + RM_c + I(RM_c**2) + logDIS + PTRATIO + B + logLSTAT + I(logLSTAT_c**2),4.090412258140613,2.856352508745183,0.7866340366531472,0.8077988582768647,2874.753970786888,1.9427533283065799,NOX,0.0022168703648671175,2.3528812746314972e-18,0.9405463584815583,7.36741202338271e-11,1.0988959181203473,0.3145076400648241,2.505191692973553e-39,False,False,False,True,1
MEDV,V3 = V2 + ZN > 0,8,11,2877.9235585565066,MEDV ~ C(CHAS) + NOX + RM_c + I(RM_c**2) + logDIS + PTRATIO + B + logLSTAT + I(logLSTAT_c**2) + TAX,4.080479970564633,2.8217227654122903,0.7873415034152667,0.8085743848396567,2877.923558556505,2.0641146802168393,NOX,0.003901138341841925,5.526113927347054e-19,0.9364110837773748,6.255972903836298e-13,1.0870460892807474,0.3174922955590707,4.857938791644623e-40,False,False,False,True,1
MEDV,V3 = V2 + ZN > 0,9,12,2875.346555343226,MEDV ~ C(CHAS) + NOX + RM_c + I(RM_c**2) + logDIS + PTRATIO + B + logLSTAT + I(logLSTAT_c**2) + TAX + C(RAD == 24),4.046264525467162,2.8211315332713083,0.7903118566099321,0.8115203416489414,2875.346555343224,2.642550784100802,TAX,0.00024203904931218266,1.982074777419849e-18,0.9400709277345604,2.2599328223454004e-13,1.0908724141697548,0.3147347401294826,2.2124234026348466e-39,False,False,False,False,0
MEDV,V3 = V2 + ZN > 0,10,13,2881.0953383498063,MEDV ~ C(CHAS) + NOX + RM_c + I(RM_c**2) + AGE + logDIS + PTRATIO + B + logLSTAT + I(logLSTAT_c**2) + TAX + C(RAD == 24),4.061257970874484,2.8251980777267773,0.788468559092684,0.8113103894560633,2881.0953383498036,2.6427440909889692,TAX,0.00027869636469905973,2.4027965436046896e-18,0.9406274373140083,8.213503667605345e-13,1.1003810576543316,0.3089557647661731,5.08625107847408e-38,False,False,False,False,0
MEDV,V3 = V2 + ZN > 0,11,14,2887.1461628048874,MEDV ~ logCRIM + C(CHAS) + NOX + RM_c + I(RM_c**2) + AGE + logDIS + PTRATIO + B + logLSTAT + I(logLSTAT_c**2) + TAX + C(RAD == 24),4.068167105528833,2.8350955440628356,0.7874847548660658,0.8109854919884372,2887.146162804885,2.8013739193316045,C(RAD == 24),0.000321511614917697,2.3254164773751777e-18,0.9405174483364227,2.3637364903147488e-12,1.0984892074384054,0.30993501344925256,3.002134732064222e-38,False,False,False,False,0
MEDV,V3 = V2 + ZN > 0,12,15,2893.263916465819,MEDV ~ logCRIM + INDUS + C(CHAS) + NOX + RM_c + I(RM_c**2) + AGE + logDIS + PTRATIO + B + logLSTAT + I(logLSTAT_c**2) + TAX + C(RAD == 24),4.076613016300624,2.843005035344918,0.7867047222767466,0.8106339408003878,2893.263916465816,2.877847940818149,C(RAD == 24),0.00040230866501667263,1.9597573277491095e-18,0.9400328928235699,4.649418919162003e-12,1.0980342850023184,0.30974228966703593,3.3308036369581504e-38,False,False,False,False,0
MEDV,V3 = V2 + ZN > 0,13,16,2899.472839507025,MEDV ~ logCRIM + ZN_pos + INDUS + C(CHAS) + NOX + RM_c + I(RM_c**2) + AGE + logDIS + PTRATIO + B + logLSTAT + I(logLSTAT_c**2) + TAX + C(RAD == 24),4.079633013713322,2.8454291519067856,0.7864016522122694,0.8102464052963624,2899.4728395070224,2.8987695347691207,C(RAD == 24),0.0004180487275872615,1.9290039716636478e-18,0.9399886382497746,8.222887650623292e-12,1.0979780785397022,0.3097259373347476,3.3602843600374386e-38,False,False,False,False,0
MEDV,Livre,1,3,3102.2463211281392,MEDV ~ logLSTAT + I(logLSTAT_c**2),5.235304173471436,3.8733833431823137,0.6622006422436577,0.674513234107402,3102.246321128139,1.0333447898396622,logLSTAT,0.5583292844631176,1.5871619132893415e-14,0.9635238858980806,1.820685079509186e-06,0.9489278211659798,0.421422162491475,5.658269301378502e-69,True,False,False,True,2
MEDV,Livre,2,4,2962.709947553305,MEDV ~ RM_c + I(RM_c**2) + logLSTAT,4.556754668617725,3.287429473150177,0.7379997233770778,0.7561854871796517,2962.7099475533046,1.3504476528314113,RM_c,0.8097558868302128,2.1664751177456602e-17,0.9465803068977341,0.000504818672026694,0.8859515117306841,0.41449174132643996,8.550389292776833e-67,True,False,False,True,2
MEDV,Livre,3,5,2927.030810930314,MEDV ~ RM_c + I(RM_c**2) + PTRATIO + logLSTAT,4.36383201225551,3.0759055832301803,0.7602322486335849,0.7752929384563498,2927.0308109303132,1.3908120688105603,logLSTAT,0.26110516897303365,1.2483870278050482e-19,0.9321868984389055,0.0015505835436049615,0.9315886426595338,0.39646311409304463,2.715284775807429e-61,True,False,False,True,2
MEDV,Livre,4,6,2908.9684090229907,MEDV ~ CRIM + RM_c + I(RM_c**2) + PTRATIO + logLSTAT,4.25687600792912,2.912237659700084,0.7704463707408559,0.785490360754668,2908.9684090229894,1.464444399961794,logLSTAT,0.3083727884233763,3.801346334288711e-22,0.9120525949186282,0.000832765026427224,0.9435642093693396,0.3982964106840705,7.680438063985264e-62,True,False,False,True,2
MEDV,Livre,5,7,2886.4545318782652,MEDV ~ NOX + RM_c + I(RM_c**2) + logDIS + PTRATIO + logLSTAT,4.1733890240444875,2.960122616225484,0.7818394638120753,0.7970355892839962,2886.4545318782634,1.9115821083679247,NOX,0.01375128380921111,6.659982926810462e-17,0.9496289588124768,1.0193908246103533e-09,1.0241975020681817,0.3385850415192594,2.907022979923344e-45,False,False,False,True,1
MEDV,Livre,6,8,2853.048683622429,MEDV ~ CRIM + NOX + RM_c + I(RM_c**2) + logDIS + PTRATIO + logLSTAT,4.016020587039258,2.796665612757865,0.7961768642646077,0.8120886601775862,2853.0486836224277,1.9218103078848496,logDIS,0.0064474504570885055,6.019049065286654e-19,0.9367727642938355,4.5187131267413895e-09,1.083567739692313,0.3203203986798483,1.0123459958620466e-40,False,False,False,True,1
MEDV,Livre,7,9,2846.8730070937286,MEDV ~ CRIM + C(CHAS) + NOX + RM_c + I(RM_c**2) + logDIS + PTRATIO + logLSTAT,3.9725161460261527,2.7591742401905037,0.7984128260267063,0.816307049322144,2846.8730070937268,1.9244507613395794,logDIS,0.04361618569545352,2.8430538715263627e-19,0.9342832435799691,1.2440155091025615e-10,1.14795334153954,0.2946384740993305,9.393457357189264e-35,False,False,False,True,1
MEDV,Livre,8,10,2842.3745729291254,MEDV ~ CRIM + NOX + RM_c + I(RM_c**2) + logDIS + PTRATIO + logLSTAT + TAX + C(RAD == 24),3.9253742568985905,2.771353593867288,0.803795543145957,0.8198278288419274,2842.3745729291213,2.6325578105910825,TAX,0.0001663840730716919,2.260615883943968e-18,0.9404943510827029,4.046269484668541e-11,1.1306829085200463,0.3019174333112504,2.1437012608606534e-36,False,False,False,False,0
MEDV,Livre,9,11,2837.591228383931,MEDV ~ CRIM + C(CHAS) + NOX + RM_c + I(RM_c**2) + logDIS + PTRATIO + logLSTAT + TAX + C(RAD == 24),3.8864738584981127,2.7411678486430224,0.8055151065907783,0.823380862698561,2837.5912283839275,2.6399074085286958,TAX,0.001827943660269789,1.0551394253218637e-18,0.9380861380588271,3.949811884221027e-12,1.1910534733036031,0.27971159029369624,1.6461615375041086e-31,False,False,False,False,0
MEDV,Livre,10,12,2834.4367873636534,MEDV ~ CRIM + C(CHAS) + NOX + RM_c + I(RM_c**2) + logDIS + PTRATIO + B + logLSTAT + TAX + C(RAD == 24),3.8630879800301434,2.7098397759007313,0.8070609830918878,0.8262992720132906,2834.436787363649,2.6424941114766822,TAX,0.000680387532502407,4.0562939554692323e-19,0.9352858068761633,6.9575301502968676e-12,1.1840486911476806,0.2879232441794189,2.8346595876340454e-33,False,False,False,False,0
MEDV,Livre,11,13,2840.410397013795,MEDV ~ CRIM + C(CHAS) + NOX + RM_c + I(RM_c**2) + AGE + logDIS + PTRATIO + B + logLSTAT + TAX + C(RAD == 24),3.882714528554348,2.714253558363418,0.8047534562161613,0.8260277288929423,2840.4103970137903,2.6475597733749727,C(RAD == 24),0.0007586670142940589,4.627121481646635e-19,0.9356908614056101,2.1708940725264155e-11,1.18938684931567,0.2840545579704051,1.9488241772097984e-32,False,False,False,False,0
MEDV,Livre,12,14,2846.4427581222926,MEDV ~ CRIM + ZN_pos + C(CHAS) + NOX + RM_c + I(RM_c**2) + AGE + logDIS + PTRATIO + B + logLSTAT + TAX + C(RAD == 24),3.884807869412634,2.7182609416793704,0.8046170593577786,0.8257345949717134,2846.4427581222885,2.6542624259595806,C(RAD == 24),0.0006888649722281034,5.61524118366412e-19,0.9362654597128175,3.393283511322169e-11,1.1903150957000463,0.28401463474628,1.9877195851191552e-32,False,False,False,False,0
MEDV,Livre,13,15,2852.6201177786234,MEDV ~ CRIM + ZN_pos + INDUS + C(CHAS) + NOX + RM_c + I(RM_c**2) + AGE + logDIS + PTRATIO + B + logLSTAT + TAX + C(RAD == 24),3.8945035084112036,2.729217959035983,0.8037729367811804,0.825389703025369,2852.620117778619,2.84503841547012,TAX,0.0005873168966335975,6.184980863808592e-19,0.9365511442293295,6.292159062159878e-11,1.1912482268672615,0.2839058267706527,2.0976837435062967e-32,False,False,False,False,0
logMEDV,V0 originais,1,2,17.51506925716894,logMEDV ~ LSTAT,5.725556809000383,4.132035121291308,0.5999216587810884,0.6473919651195744,17.515069257168932,1.0,LSTAT,5.7029702505775385e-12,1.8252437214436367e-08,0.9844499190659916,4.6330917405648734e-08,0.9122583670824963,0.46370202069415656,4.825337566456475e-83,False,False,False,True,1
logMEDV,V0 originais,2,3,-48.58948183664435,logMEDV ~ PTRATIO + LSTAT,5.33429397012253,3.7974085416490504,0.6540207840745926,0.6941760930639826,-48.589481836644865,1.080551577120127,PTRATIO,4.622303833335634e-06,3.2642504550893266e-08,0.9850395015710487,2.3863888821682638e-06,0.9915827183591253,0.42636534030705264,1.5012278961443178e-70,False,False,False,True,1
logMEDV,V0 originais,3,4,-81.75017775111317,logMEDV ~ CRIM + PTRATIO + LSTAT,5.413458084148766,3.8001905380380108,0.6439027246171614,0.7167238801474798,-81.75017775111405,1.1744210377947644,LSTAT,5.564896793767214e-07,3.955918256619375e-09,0.9829837736424614,0.0005670658621533835,0.9644137579136047,0.44908149352573823,5.002250832709977e-78,False,False,False,True,1
logMEDV,V0 originais,4,5,-121.65435434179253,logMEDV ~ CRIM + RM + PTRATIO + LSTAT,4.7542941457620005,3.322396183918324,0.7212281149332911,0.7411163431615259,-121.65435434179355,1.4103349694921206,LSTAT,7.561711729647649e-11,4.1402757197833807e-13,0.9695828520738691,2.036385592678574e-07,0.9078036208274148,0.49430594353259305,4.672732174195364e-94,False,False,False,True,1
logMEDV,V0 originais,5,6,-131.04719256374398,logMEDV ~ CRIM + RM + PTRATIO + B + LSTAT,4.7006806587956245,3.240254883133352,0.7264842841764436,0.7485509591728794,-131.047192563745,1.4562858341269398,LSTAT,8.194899645709189e-11,5.450366590278431e-15,0.9610655369587796,1.652037283099032e-07,0.8980720595774319,0.5119856613899012,9.751577584157445e-101,False,False,False,True,1
logMEDV,V0 originais,6,7,-155.84898607524644,logMEDV ~ CRIM + NOX + RM + DIS + PTRATIO + LSTAT,4.5363048884525,3.172781265906352,0.7443421710204717,0.7631683336650837,-155.84898607524715,1.717854597940391,NOX,5.259493001114203e-08,2.8496330334495433e-12,0.9726639599739519,2.4622401930638066e-08,0.9748046570027827,0.445652456774624,7.119995093781329e-77,False,False,False,True,1
logMEDV,V0 originais,7,8,-162.33476547184435,logMEDV ~ CRIM + NOX + RM + DIS + PTRATIO + B + LSTAT,4.487236397414785,3.104356295782879,0.7489842992118056,0.7686291347435684,-162.3347654718449,1.7403715385028775,NOX,2.6408446021436707e-08,6.747356454954389e-14,0.9659944308564697,1.8439109495885118e-08,0.9695708627949814,0.4630199854382553,8.337597219450014e-83,False,False,False,True,1
logMEDV,V0 originais,8,9,-167.4224825936472,logMEDV ~ CRIM + C(CHAS) + NOX + RM + DIS + PTRATIO + B + LSTAT,4.44648986578152,3.0818024290698696,0.7509034313390764,0.7733314454045688,-167.4224825936479,1.7455090996730978,NOX,8.715322525542113e-08,1.4990711693185892e-13,0.9674607949889389,3.003065293999035e-08,1.0377501941302674,0.4380066370393326,2.4691605700768797e-74,False,False,False,True,1
logMEDV,V0 originais,9,10,-172.68388273955014,logMEDV ~ CRIM + NOX + RM + DIS + PTRATIO + B + LSTAT + TAX + C(RAD == 24),4.412664140941528,3.0671307308784663,0.7565111516317493,0.7780142401149747,-172.6838827395523,2.6234762379180103,TAX,2.9524774152386963e-08,1.0325113750329642e-12,0.9707055104802113,5.791293539781673e-11,1.0150777578554744,0.45625125653757037,1.8172982277257684e-80,False,False,False,False,0
logMEDV,V0 originais,10,11,-176.5617310241587,logMEDV ~ CRIM + C(CHAS) + NOX + RM + DIS + PTRATIO + B + LSTAT + TAX + C(RAD == 24),4.369853096840519,3.053105859692245,0.7585670509095289,0.7819981911363304,-176.56173102416074,2.6296596777344137,TAX,7.265904928608978e-08,2.2088770971794996e-12,0.9719601457111336,2.5538052174260965e-10,1.0790466567828643,0.43385427722812636,5.672900458743614e-73,False,False,False,False,0
logMEDV,V0 originais,11,12,-172.4844514034665,logMEDV ~ CRIM + ZN + C(CHAS) + NOX + RM + DIS + PTRATIO + B + LSTAT + TAX + C(RAD == 24),4.377460105244067,3.032528355792052,0.7579448053683933,0.7824831868916036,-172.48445140346803,2.649929809490553,TAX,2.389364726911524e-07,2.18928878884698e-12,0.9719460311409834,5.632883071678191e-10,1.0846434416647965,0.43413320140132916,4.600110227011459e-73,False,False,False,False,0
logMEDV,V0 originais,12,13,-166.4998899759433,logMEDV ~ CRIM + ZN + C(CHAS) + NOX + RM + AGE + DIS + PTRATIO + B + LSTAT + TAX + C(RAD == 24),4.384099807481315,3.034405830552733,0.7571315254073158,0.782138384532642,-166.499889975945,2.6519882510202266,TAX,1.5073545570108834e-07,2.3668393350799612e-12,0.9720798263519695,1.9563296347164186e-09,1.0912735151293236,0.4303014707945507,8.097043815902823e-72,False,False,False,False,0
logMEDV,V0 originais,13,14,-160.4226187670426,logMEDV ~ CRIM + ZN + INDUS + C(CHAS) + NOX + RM + AGE + DIS + PTRATIO + B + LSTAT + TAX + C(RAD == 24),4.393981978573416,3.044634870657798,0.7561035898027086,0.7817517363282946,-160.42261876704487,2.8876332630372645,TAX,1.0756499173031704e-07,2.3313074160784857e-12,0.9720542880430703,3.778724889302137e-09,1.0907454474384488,0.43011821526587934,9.281593910171687e-72,False,False,False,False,0
logMEDV,V1 log,1,2,-25.852763748489146,logMEDV ~ logLSTAT,5.303002479251816,3.91301441721834,0.6527893086779086,0.6766308608629843,-25.852763748488826,1.0,logLSTAT,0.0014323188458662723,3.7365184244983735e-06,0.989562573955814,4.860214288301938e-05,0.8603336002233115,0.5076133854262719,4.60104052032905e-99,False,False,False,True,1
logMEDV,V1 log,2,3,-70.1689099983432,logMEDV ~ PTRATIO + logLSTAT,5.022324015891522,3.6833376403710445,0.688672175969088,0.7070690962356699,-70.16890999834303,1.1026133413632402,PTRATIO,0.00017241152291616973,3.918732365107408e-07,0.9871876010324068,0.00014975483757459656,0.9072038736009309,0.489865286174102,2.0462345620183732e-92,False,False,False,True,1
logMEDV,V1 log,3,4,-90.216060508606,logMEDV ~ PTRATIO + B + logLSTAT,4.945655428565877,3.5869014151099146,0.6981282952943444,0.7214704547211908,-90.216060508606,1.1560269931443004,logLSTAT,0.003682987927873417,6.20056931803822e-10,0.9798554160939853,0.0035926512646786723,0.9161932888022575,0.4985843179797142,1.1865404644800139e-95,False,False,False,True,1
logMEDV,V1 log,4,5,-107.6195748178578,logMEDV ~ RM + PTRATIO + B + logLSTAT,4.601543155735209,3.267023201416072,0.7356448806800961,0.7337615618301921,-107.61957481785814,1.4705392553410706,logLSTAT,0.039856024193559415,4.0076867623477377e-13,0.9687789341569117,0.00019313623888210578,0.8576128173034512,0.53218291579841,1.1815180626948097e-108,False,False,False,True,1
logMEDV,V1 log,5,6,-113.2904179943815,logMEDV ~ RM + PTRATIO + B + logLSTAT + TAX,4.607353604656019,3.2459513372302053,0.7350148155512513,0.7394791199159528,-113.29041799438181,1.5493772289452798,logLSTAT,0.06900822345419654,1.054538634325858e-13,0.9663109734352208,6.749730260020966e-11,0.8343961771989442,0.5423419828349765,9.453362702253063e-113,True,False,False,True,2
logMEDV,V1 log,6,7,-122.83426803163673,logMEDV ~ RM + logDIS + PTRATIO + B + logLSTAT + TAX,4.4441197739974685,3.1439796183279687,0.752026090304118,0.7470359810685366,-122.83426803163698,1.6349426857241955,logLSTAT,0.03283436951598103,1.188826454218778e-13,0.9665751907535471,1.3392268678071093e-13,0.8808209341803185,0.5121384236308716,8.517997777203934e-101,False,False,False,True,1
logMEDV,V1 log,7,8,-128.59140935319556,logMEDV ~ NOX + RM + logDIS + PTRATIO + B + logLSTAT + TAX,4.3610312724286375,3.0831998692559868,0.7614816297056941,0.7525090764917657,-128.59140935319613,2.050688790971474,NOX,0.008123613323421881,6.733283574534638e-14,0.9655234317265701,3.463696110675543e-15,0.8791444402830978,0.5001640651795505,3.032443641726881e-96,False,False,False,True,1
logMEDV,V1 log,8,9,-132.64336173107722,logMEDV ~ C(CHAS) + NOX + RM + logDIS + PTRATIO + B + logLSTAT + TAX,4.352736200376762,3.07570756792754,0.7627876094783016,0.7570372251995474,-132.64336173107753,2.0593756300010875,NOX,0.0029780124702183273,1.039785332292185e-13,0.9663546772386876,2.773349023583076e-14,0.9288484061239379,0.4792226524134588,1.5310701317611046e-88,False,False,False,True,1
logMEDV,V1 log,9,10,-130.29857508177355,logMEDV ~ ZN + C(CHAS) + NOX + RM + logDIS + PTRATIO + B + logLSTAT + TAX,4.377691058314393,3.116608051945617,0.7595328448627049,0.758416625957505,-130.2985750817739,2.0775080990751373,NOX,0.00404654385319326,1.6359300157735578e-13,0.9671608261116972,3.964060433188333e-14,0.9398355096202917,0.47050925458889964,1.9678384346803154e-85,False,False,False,True,1
logMEDV,V1 log,10,11,-127.7776823705582,logMEDV ~ ZN + C(CHAS) + NOX + RM + logDIS + PTRATIO + B + logLSTAT + TAX + C(RAD == 24),4.3392262981046175,3.1183265941329696,0.7633445272312395,0.7597027470559303,-127.77768237055922,2.6668471460545637,TAX,0.0025185838292694036,1.7059293869292295e-13,0.9672132804376202,5.203753533025223e-15,0.9399420161389255,0.47159595304866425,8.115842867687486e-86,False,False,False,False,0
logMEDV,V1 log,11,12,-124.27891248214063,logMEDV ~ logCRIM + ZN + C(CHAS) + NOX + RM + logDIS + PTRATIO + B + logLSTAT + TAX + C(RAD == 24),4.360962607567501,3.1410221698387186,0.7600982059912038,0.7605140407789854,-124.27891248214154,2.8129620385742333,C(RAD == 24),0.0019171648909261333,3.4962857678253936e-13,0.9685310974775004,3.040964083111965e-14,0.9368081097855938,0.4728925460522502,2.8134020720687653e-86,False,False,False,False,0
logMEDV,V1 log,12,13,-119.36050741059098,logMEDV ~ logCRIM + ZN + C(CHAS) + NOX + RM + AGE + logDIS + PTRATIO + B + logLSTAT + TAX + C(RAD == 24),4.377243664390677,3.1492895145921276,0.7581349376829085,0.7606443182628898,-119.36050741059212,2.8326229714204114,C(RAD == 24),0.0010942696155163646,4.615982480045984e-13,0.9690280978818675,1.5919668675387163e-13,0.9523530096951751,0.4643788040644527,2.8022130428540966e-83,False,False,False,False,0
logMEDV,V1 log,13,14,-113.33660319425512,logMEDV ~ logCRIM + ZN + INDUS + C(CHAS) + NOX + RM + AGE + logDIS + PTRATIO + B + logLSTAT + TAX + C(RAD == 24),4.389261053954661,3.155365053564188,0.7569318258955179,0.7602450639141265,-113.33660319425591,2.8995780885834423,C(RAD == 24),0.001032357309544015,4.89093405528445e-13,0.9691300187517661,1.1940124964904645e-13,0.9521884406094361,0.4644004811182021,2.7538209240268514e-83,False,False,False,False,0
logMEDV,V2 log + quadráticos,1,3,-29.871351236356492,logMEDV ~ logLSTAT + I(logLSTAT_c**2),5.249237109563596,3.8979990723699816,0.6598027199343454,0.6825339108180823,-29.871351236355874,1.0333447898396622,logLSTAT,0.18600974959799396,1.4016544639075441e-05,0.9907601822514405,1.3573596155282628e-08,0.8734063775884835,0.49812063545675234,1.7694388922123263e-95,True,True,False,True,3
logMEDV,V2 log + quadráticos,2,4,-77.48318687816771,logMEDV ~ PTRATIO + logLSTAT + I(logLSTAT_c**2),4.980990992402329,3.6505101999932648,0.6950261585765436,0.7143009287786657,-77.48318687816754,1.1287072313426074,logLSTAT,0.028733037855305565,1.7814410351752783e-06,0.9886867090561092,1.97945172615405e-07,0.9328021271306216,0.472588030740065,3.609132870415509e-86,False,False,False,True,1
logMEDV,V2 log + quadráticos,3,6,-117.68558586746951,logMEDV ~ RM_c + I(RM_c**2) + logLSTAT + I(logLSTAT_c**2) + TAX,4.708759796652522,3.2519392634129916,0.716535216258417,0.7417546190984593,-117.68558586746934,1.5520706849314285,logLSTAT,5.082783251396813e-10,1.3861293151019727e-11,0.974569596127509,1.1453894983159934e-10,0.8453336267914068,0.49663995780384884,6.323691028310842e-95,False,False,False,True,1
logMEDV,V2 log + quadráticos,4,7,-138.43184401571472,logMEDV ~ RM_c + I(RM_c**2) + PTRATIO + B + logLSTAT + I(logLSTAT_c**2),4.438172022294224,3.0312027143431384,0.7467764122141795,0.7547901499480867,-138.4318440157148,1.4913108740915824,logLSTAT,0.003814805559826249,2.440602493469489e-14,0.9636968311202803,8.02415441203286e-08,0.8961935086116013,0.4916494672834974,4.500278090292471e-93,False,False,False,True,1
logMEDV,V2 log + quadráticos,5,8,-145.18010414714558,logMEDV ~ RM_c + I(RM_c**2) + PTRATIO + B + logLSTAT + I(logLSTAT_c**2) + TAX,4.4687420536695095,3.0126546983550653,0.7432246713856399,0.7605696066562044,-145.18010414714547,1.5891685285020807,logLSTAT,5.093513944777353e-06,7.795242596073152e-15,0.961299698195364,7.282215793318945e-11,0.8742023764185791,0.4993119459820402,6.333064672522616e-96,False,False,False,True,1
logMEDV,V2 log + quadráticos,6,9,-153.17193426674135,logMEDV ~ NOX + RM_c + I(RM_c**2) + logDIS + PTRATIO + B + logLSTAT + I(logLSTAT_c**2),4.225198249886295,2.929840756864688,0.7718434847321667,0.7667914665134831,-153.1719342667412,1.9370759547464227,NOX,0.006746462749740465,5.23592544256968e-14,0.9651444878713611,9.450072036679828e-12,0.9286388344814015,0.4599494556385318,9.683659806351862e-82,False,False,False,True,1
logMEDV,V2 log + quadráticos,7,10,-160.6952142582575,logMEDV ~ C(CHAS) + NOX + RM_c + I(RM_c**2) + logDIS + PTRATIO + B + logLSTAT + I(logLSTAT_c**2),4.221947645119742,2.9287528005204777,0.768522302902932,0.7726381700150433,-160.69521425825684,1.9427533283065799,NOX,0.0013304930594253983,2.7802029582313845e-14,0.96398464993301,1.1146362612131129e-10,1.0027752087697948,0.4318327468366721,2.5815116184352027e-72,False,False,False,True,1
logMEDV,V2 log + quadráticos,8,11,-164.20804715316643,logMEDV ~ C(CHAS) + NOX + RM_c + I(RM_c**2) + logDIS + PTRATIO + B + logLSTAT + I(logLSTAT_c**2) + TAX,4.217509074001784,2.9061313595579827,0.7680360687779805,0.7765558684900155,-164.20804715316604,2.0641146802168393,NOX,0.0001861704754814122,1.8965257715759793e-14,0.9631582249048705,1.8249162890797925e-13,0.9911065336180724,0.43300545829226234,1.0727328527266611e-72,False,False,False,True,1
logMEDV,V2 log + quadráticos,9,12,-161.12791054428146,logMEDV ~ C(CHAS) + NOX + RM_c + I(RM_c**2) + logDIS + PTRATIO + B + logLSTAT + I(logLSTAT_c**2) + TAX + C(RAD == 24),4.1850682560733485,2.897455824617182,0.7711088831194155,0.7774962633462223,-161.12791054428203,2.642550784100802,TAX,0.0002604555490353182,2.051561864221228e-14,0.9632979457674199,3.7753655737286885e-14,0.9909835025854837,0.43521413151469546,2.0390176639897892e-73,False,False,False,False,0
logMEDV,V2 log + quadráticos,10,13,-157.25901453337775,logMEDV ~ INDUS + C(CHAS) + NOX + RM_c + I(RM_c**2) + logDIS + PTRATIO + B + logLSTAT + I(logLSTAT_c**2) + TAX + C(RAD == 24),4.2097458382139195,2.903086826261488,0.7688854283777776,0.7780826687082454,-157.25901453337764,2.836868019299132,TAX,0.0001316318247326833,1.7147115213929507e-14,0.9629492035450027,6.894263999449687e-14,0.9953893002008067,0.43145439908835503,3.4253097220846325e-72,False,False,False,False,0
logMEDV,V2 log + quadráticos,11,14,-152.45913445613382,logMEDV ~ logCRIM + INDUS + C(CHAS) + NOX + RM_c + I(RM_c**2) + logDIS + PTRATIO + B + logLSTAT + I(logLSTAT_c**2) + TAX + C(RAD == 24),4.240497225953916,2.9140585209355763,0.7639906316948912,0.7782549236649372,-152.45913445613422,2.853432212648112,C(RAD == 24),2.2408441103778605e-05,2.0130237487833338e-14,0.9632869359423245,3.546241048593408e-13,0.9868376634783059,0.4349326167536766,2.5207489729313482e-73,False,False,False,False,0
logMEDV,V2 log + quadráticos,12,15,-148.08510006001842,logMEDV ~ logCRIM + ZN + INDUS + C(CHAS) + NOX + RM_c + I(RM_c**2) + logDIS + PTRATIO + B + logLSTAT + I(logLSTAT_c**2) + TAX + C(RAD == 24),4.258970723442879,2.9398300052239694,0.7619992533915941,0.7786143665470644,-148.08510006001904,2.8965918645901145,TAX,4.2373008226348155e-06,2.7356085498475063e-14,0.9638653454190949,1.2447969906777496e-12,0.986402696416812,0.43247537724463536,1.5959094121415815e-72,False,False,False,False,0
logMEDV,V2 log + quadráticos,13,16,-142.6426323450799,logMEDV ~ logCRIM + ZN + INDUS + C(CHAS) + NOX + RM_c + I(RM_c**2) + AGE + logDIS + PTRATIO + B + logLSTAT + I(logLSTAT_c**2) + TAX + C(RAD == 24),4.268923074360411,2.945310278615408,0.7609391295143063,0.778500424018305,-142.64263234508087,2.900908224799454,C(RAD == 24),4.373807191668603e-06,3.2105254572579975e-14,0.9641913276583768,2.4235655772265693e-12,0.997205804825713,0.42653377744082477,1.3256125096631325e-70,False,False,False,False,0
logMEDV,V3 = V2 + ZN > 0,1,3,-29.871351236356492,logMEDV ~ logLSTAT + I(logLSTAT_c**2),5.249237109563596,3.8979990723699816,0.6598027199343454,0.6825339108180823,-29.871351236355874,1.0333447898396622,logLSTAT,0.18600974959799396,1.4016544639075441e-05,0.9907601822514405,1.3573596155282628e-08,0.8734063775884835,0.49812063545675234,1.7694388922123263e-95,True,True,False,True,3
logMEDV,V3 = V2 + ZN > 0,2,4,-77.48318687816771,logMEDV ~ PTRATIO + logLSTAT + I(logLSTAT_c**2),4.980990992402329,3.6505101999932648,0.6950261585765436,0.7143009287786657,-77.48318687816754,1.1287072313426074,logLSTAT,0.028733037855305565,1.7814410351752783e-06,0.9886867090561092,1.97945172615405e-07,0.9328021271306216,0.472588030740065,3.609132870415509e-86,False,False,False,True,1
logMEDV,V3 = V2 + ZN > 0,3,6,-117.68558586746951,logMEDV ~ RM_c + I(RM_c**2) + logLSTAT + I(logLSTAT_c**2) + TAX,4.708759796652522,3.2519392634129916,0.716535216258417,0.7417546190984593,-117.68558586746934,1.5520706849314285,logLSTAT,5.082783251396813e-10,1.3861293151019727e-11,0.974569596127509,1.1453894983159934e-10,0.8453336267914068,0.49663995780384884,6.323691028310842e-95,False,False,False,True,1
logMEDV,V3 = V2 + ZN > 0,4,7,-138.43184401571472,logMEDV ~ RM_c + I(RM_c**2) + PTRATIO + B + logLSTAT + I(logLSTAT_c**2),4.438172022294224,3.0312027143431384,0.7467764122141795,0.7547901499480867,-138.4318440157148,1.4913108740915824,logLSTAT,0.003814805559826249,2.440602493469489e-14,0.9636968311202803,8.02415441203286e-08,0.8961935086116013,0.4916494672834974,4.500278090292471e-93,False,False,False,True,1
logMEDV,V3 = V2 + ZN > 0,5,8,-145.18010414714558,logMEDV ~ RM_c + I(RM_c**2) + PTRATIO + B + logLSTAT + I(logLSTAT_c**2) + TAX,4.4687420536695095,3.0126546983550653,0.7432246713856399,0.7605696066562044,-145.18010414714547,1.5891685285020807,logLSTAT,5.093513944777353e-06,7.795242596073152e-15,0.961299698195364,7.282215793318945e-11,0.8742023764185791,0.4993119459820402,6.333064672522616e-96,False,False,False,True,1
logMEDV,V3 = V2 + ZN > 0,6,9,-153.17193426674135,logMEDV ~ NOX + RM_c + I(RM_c**2) + logDIS + PTRATIO + B + logLSTAT + I(logLSTAT_c**2),4.225198249886295,2.929840756864688,0.7718434847321667,0.7667914665134831,-153.1719342667412,1.9370759547464227,NOX,0.006746462749740465,5.23592544256968e-14,0.9651444878713611,9.450072036679828e-12,0.9286388344814015,0.4599494556385318,9.683659806351862e-82,False,False,False,True,1
logMEDV,V3 = V2 + ZN > 0,7,10,-160.6952142582575,logMEDV ~ C(CHAS) + NOX + RM_c + I(RM_c**2) + logDIS + PTRATIO + B + logLSTAT + I(logLSTAT_c**2),4.221947645119742,2.9287528005204777,0.768522302902932,0.7726381700150433,-160.69521425825684,1.9427533283065799,NOX,0.0013304930594253983,2.7802029582313845e-14,0.96398464993301,1.1146362612131129e-10,1.0027752087697948,0.4318327468366721,2.5815116184352027e-72,False,False,False,True,1
logMEDV,V3 = V2 + ZN > 0,8,11,-164.20804715316643,logMEDV ~ C(CHAS) + NOX + RM_c + I(RM_c**2) + logDIS + PTRATIO + B + logLSTAT + I(logLSTAT_c**2) + TAX,4.217509074001784,2.9061313595579827,0.7680360687779805,0.7765558684900155,-164.20804715316604,2.0641146802168393,NOX,0.0001861704754814122,1.8965257715759793e-14,0.9631582249048705,1.8249162890797925e-13,0.9911065336180724,0.43300545829226234,1.0727328527266611e-72,False,False,False,True,1
logMEDV,V3 = V2 + ZN > 0,9,12,-161.12791054428146,logMEDV ~ C(CHAS) + NOX + RM_c + I(RM_c**2) + logDIS + PTRATIO + B + logLSTAT + I(logLSTAT_c**2) + TAX + C(RAD == 24),4.1850682560733485,2.897455824617182,0.7711088831194155,0.7774962633462223,-161.12791054428203,2.642550784100802,TAX,0.0002604555490353182,2.051561864221228e-14,0.9632979457674199,3.7753655737286885e-14,0.9909835025854837,0.43521413151469546,2.0390176639897892e-73,False,False,False,False,0
logMEDV,V3 = V2 + ZN > 0,10,13,-157.25901453337775,logMEDV ~ INDUS + C(CHAS) + NOX + RM_c + I(RM_c**2) + logDIS + PTRATIO + B + logLSTAT + I(logLSTAT_c**2) + TAX + C(RAD == 24),4.2097458382139195,2.903086826261488,0.7688854283777776,0.7780826687082454,-157.25901453337764,2.836868019299132,TAX,0.0001316318247326833,1.7147115213929507e-14,0.9629492035450027,6.894263999449687e-14,0.9953893002008067,0.43145439908835503,3.4253097220846325e-72,False,False,False,False,0
logMEDV,V3 = V2 + ZN > 0,11,14,-152.45913445613382,logMEDV ~ logCRIM + INDUS + C(CHAS) + NOX + RM_c + I(RM_c**2) + logDIS + PTRATIO + B + logLSTAT + I(logLSTAT_c**2) + TAX + C(RAD == 24),4.240497225953916,2.9140585209355763,0.7639906316948912,0.7782549236649372,-152.45913445613422,2.853432212648112,C(RAD == 24),2.2408441103778605e-05,2.0130237487833338e-14,0.9632869359423245,3.546241048593408e-13,0.9868376634783059,0.4349326167536766,2.5207489729313482e-73,False,False,False,False,0
logMEDV,V3 = V2 + ZN > 0,12,15,-147.1968008088566,logMEDV ~ logCRIM + INDUS + C(CHAS) + NOX + RM_c + I(RM_c**2) + AGE + logDIS + PTRATIO + B + logLSTAT + I(logLSTAT_c**2) + TAX + C(RAD == 24),4.250445679827962,2.919853206918497,0.7630704049793884,0.7782214900264881,-147.1968008088569,2.877847940818149,C(RAD == 24),2.2022894859136488e-05,2.5370925019012325e-14,0.9637548413853988,7.323828311963128e-13,0.9991838487796542,0.4282075673181888,3.8402847644057954e-71,False,False,False,False,0
logMEDV,V3 = V2 + ZN > 0,13,16,-141.6771953728512,logMEDV ~ logCRIM + ZN_pos + INDUS + C(CHAS) + NOX + RM_c + I(RM_c**2) + AGE + logDIS + PTRATIO + B + logLSTAT + I(logLSTAT_c**2) + TAX + C(RAD == 24),4.258106773385132,2.9248613890534827,0.7623826221852232,0.7780731784033265,-141.67719537285222,2.8987695347691207,C(RAD == 24),1.1152055841720195e-05,2.6497585454263814e-14,0.9638280100036887,1.7250842176015267e-12,0.9998680126338905,0.427794372594429,5.2165329244612856e-71,False,False,False,False,0
logMEDV,Livre,1,3,-29.871351236356492,logMEDV ~ logLSTAT + I(logLSTAT_c**2),5.249237109563596,3.8979990723699816,0.6598027199343454,0.6825339108180823,-29.871351236355874,1.0333447898396622,logLSTAT,0.18600974959799396,1.4016544639075441e-05,0.9907601822514405,1.3573596155282628e-08,0.8734063775884835,0.49812063545675234,1.7694388922123263e-95,True,True,False,True,3
logMEDV,Livre,2,3,-101.350178044782,logMEDV ~ CRIM + logLSTAT,5.19739807469005,3.747279339538423,0.666333949386048,0.7247447915874492,-101.35017804478187,1.089918827439046,CRIM,0.1402860495991178,2.411717874967418e-06,0.9892376548266812,4.5517464825426635e-05,0.9075083800127054,0.49429637215222855,4.7111237736263566e-94,True,False,False,True,2
logMEDV,Livre,3,6,-169.22967434874093,logMEDV ~ CRIM + RM_c + I(RM_c**2) + logLSTAT + I(logLSTAT_c**2),4.637044625736244,3.1705058694587542,0.7201468769605677,0.7670024800423049,-169.22967434874107,1.4665670949827938,logLSTAT,0.005049421074908012,2.0560281932185836e-11,0.9749563512928419,2.8185031052385142e-06,0.9242155108033884,0.4729895981429165,2.5986158915268015e-86,False,False,False,True,1
logMEDV,Livre,4,6,-192.7298262551905,logMEDV ~ CRIM + RM_c + I(RM_c**2) + PTRATIO + LSTAT,4.514649746958438,2.994025959156921,0.7340276241715923,0.7776792144786516,-192.7298262551912,1.4170445209333586,LSTAT,0.5975689197416881,8.410550734645807e-14,0.9658878942216624,1.3193634418001284e-06,0.9683622587002441,0.4500817341338048,2.296668338802845e-78,True,False,False,True,2
logMEDV,Livre,5,7,-200.63382116594101,logMEDV ~ CRIM + RM_c + I(RM_c**2) + PTRATIO + B + LSTAT,4.4794093093781795,2.93854953990027,0.7371074185621131,0.7834202734231961,-200.63382116594167,1.4648522076397477,LSTAT,0.6046068015835263,3.1229857731149016e-15,0.9594115780200838,1.2554224315183082e-06,0.9529384611765179,0.4685769377904792,9.457910846127311e-85,True,False,False,True,2
logMEDV,Livre,6,8,-229.92819707513206,logMEDV ~ CRIM + NOX + RM_c + I(RM_c**2) + logDIS + PTRATIO + LSTAT,4.199139370624148,2.8302576916805604,0.7721354541062668,0.7978308200712404,-229.92819707513274,1.9256327710224248,logDIS,0.5763454311754194,2.9221162653804226e-12,0.9723036285163593,1.7635639929372604e-10,1.0479943545430659,0.3901466319926346,2.014866161999799e-59,True,False,False,True,2
logMEDV,Livre,7,9,-236.03268072038347,logMEDV ~ CRIM + C(CHAS) + NOX + RM_c + I(RM_c**2) + logDIS + PTRATIO + LSTAT,4.172284376527943,2.8120995207552033,0.7707168697505266,0.8023411953709647,-236.0326807203838,1.92818638669433,logDIS,0.29734446159895317,2.174974093999544e-12,0.9715619842609724,1.6435281067401353e-10,1.1171381509865064,0.365199297318413,2.5216792393541742e-52,True,False,False,True,2
logMEDV,Livre,8,10,-241.6737461135741,logMEDV ~ CRIM + NOX + RM_c + I(RM_c**2) + logDIS + PTRATIO + LSTAT + TAX + C(RAD == 24),4.07947533965929,2.762575274023281,0.782836139759868,0.8065713100723793,-241.67374611357633,2.6329448248669354,TAX,0.9274790451245468,6.334578414229693e-12,0.9735849649747116,1.9632755389539013e-13,1.0974019723546085,0.3780409978943542,6.398028633662408e-56,True,False,False,False,1
logMEDV,Livre,9,11,-247.33348881174027,logMEDV ~ CRIM + NOX + RM_c + I(RM_c**2) + logDIS + PTRATIO + B + LSTAT + TAX + C(RAD == 24),4.045502025586174,2.7248186934294862,0.7852169160030129,0.8107171671241538,-247.33348881174265,2.6371561123034692,C(RAD == 24),0.786039724697038,6.37694516383788e-13,0.9698201631168205,2.2467006484293236e-13,1.089731285467555,0.3974450009605437,1.3816417973817353e-61,True,False,False,False,1
logMEDV,Livre,10,12,-251.10326882637037,logMEDV ~ CRIM + C(CHAS) + NOX + RM_c + I(RM_c**2) + logDIS + PTRATIO + B + LSTAT + TAX + C(RAD == 24),4.014388669854491,2.7206299139462975,0.7843677096253031,0.8140733275360654,-251.1032688263724,2.642745375399701,TAX,0.9503253828301867,5.143111209260073e-13,0.9692225300191414,9.091997476844743e-13,1.1513069746469908,0.3757450302016744,2.8701867888890026e-55,True,False,False,False,1
logMEDV,Livre,11,13,-245.24930668133578,logMEDV ~ CRIM + INDUS + C(CHAS) + NOX + RM_c + I(RM_c**2) + logDIS + PTRATIO + B + LSTAT + TAX + C(RAD == 24),4.02922472018701,2.7302715022735224,0.7832280492586866,0.813827138447567,-245.2493066813376,2.8368547320841646,TAX,0.9272436425983601,4.675658398571596e-13,0.9690403414060083,1.963735158777684e-12,1.1500878939890977,0.3752456903409106,3.973400806136957e-55,True,False,False,False,1
logMEDV,Livre,12,14,-239.21177607206442,logMEDV ~ CRIM + INDUS + C(CHAS) + NOX + RM_c + I(RM_c**2) + AGE + logDIS + PTRATIO + B + LSTAT + TAX + C(RAD == 24),4.04341230406071,2.7355443790372225,0.7812161099564521,0.8135115229413277,-239.21177607206658,2.837074817239351,TAX,0.880561714696906,3.740047027604668e-13,0.968647551814945,1.1948619356420838e-12,1.146196311224011,0.37778107301657743,7.586473499062548e-56,True,False,False,False,1
logMEDV,Livre,13,15,-233.0621669167959,logMEDV ~ CRIM + ZN + INDUS + C(CHAS) + NOX + RM_c + I(RM_c**2) + AGE + logDIS + PTRATIO + B + LSTAT + TAX + C(RAD == 24),4.045600325228374,2.7364090051904824,0.7811074790935941,0.813152789877864,-233.06216691679845,2.884920998453457,TAX,0.879557619497315,3.754328545750934e-13,0.9686620565012755,2.6459729677597374e-12,1.1464238259856134,0.3780378690364227,6.411168355281786e-56,True,False,False,False,1
Box-Cox (λ = 0.41),V0 originais,1,2,1301.0525118193088,bcMEDV ~ LSTAT,5.911831402974956,4.264246249588648,0.5741425103630913,0.6191090390995388,1301.0525118193093,1.0,LSTAT,9.233506698499252e-20,1.032581305672092e-12,0.9717636390346952,0.5868544869118848,0.9049658267784852,0.4387134858273405,1.443933754041868e-74,False,False,True,True,2
Box-Cox (λ = 0.41),V0 originais,2,3,1228.1141866126836,bcMEDV ~ PTRATIO + LSTAT,5.508373221463699,3.9078952609401463,0.6318392574927125,0.674121280470461,1228.1141866126834,1.080551577120127,PTRATIO,2.9840535449252684e-13,3.5020456229758815e-11,0.976948316045682,0.27922851012554567,1.0022178054365753,0.3935104666892053,2.0504229719439507e-60,False,False,True,True,2
Box-Cox (λ = 0.41),V0 originais,3,4,1171.4425632002906,bcMEDV ~ RM + PTRATIO + LSTAT,4.8851669177444395,3.4473188904085603,0.7056149870073296,0.7119857584089235,1171.4425632002904,1.299667346483568,LSTAT,6.520689067960925e-19,3.464186784237615e-13,0.9693066366436869,0.024838997448156125,0.9111939727977424,0.45213212596096103,4.6319857589671645e-79,False,False,False,True,1
Box-Cox (λ = 0.41),V0 originais,4,5,1152.5864152149313,bcMEDV ~ CRIM + RM + PTRATIO + LSTAT,4.857355683763351,3.3916797105425416,0.7088762557419014,0.7254924923315959,1152.586415214931,1.4103349694921206,LSTAT,1.7533573213569704e-22,1.0333104677131279e-15,0.9579510158319379,0.013069176559726984,0.8913239357474025,0.47254889261071786,3.72649598198962e-86,False,False,False,True,1
Box-Cox (λ = 0.41),V0 originais,5,6,1134.3689146533225,bcMEDV ~ NOX + RM + DIS + PTRATIO + LSTAT,4.675923024831913,3.302636902415569,0.7288535985389628,0.7380310191392763,1134.3689146533218,1.7042420062576233,NOX,1.7648489741706507e-15,2.1030606804214412e-12,0.972178650127996,3.59505950313847e-05,0.9700512497544789,0.4088644415448674,4.734042595497216e-65,False,False,False,True,1
Box-Cox (λ = 0.41),V0 originais,6,7,1113.5886173325312,bcMEDV ~ CRIM + NOX + RM + DIS + PTRATIO + LSTAT,4.635380403685674,3.2469494056658865,0.7332047641095877,0.7512714070862588,1113.5886173325307,1.717854597940391,NOX,1.550016816553048e-19,1.5941566418042408e-14,0.9634227059687992,3.9535277248656196e-05,0.9666864027324913,0.4229343011284835,1.8725616534946468e-69,False,False,False,True,1
Box-Cox (λ = 0.41),V0 originais,7,8,1106.803748238026,bcMEDV ~ CRIM + C(CHAS) + NOX + RM + DIS + PTRATIO + LSTAT,4.591780599453477,3.2213642506917743,0.7355311711107266,0.7571515445803179,1106.8037482380253,1.7219483411247658,NOX,1.695955680292641e-18,5.29703996926959e-14,0.9657753091854182,1.9484175439812544e-05,1.0449368324034525,0.3959638035533119,3.82605064621073e-61,False,False,False,True,1
Box-Cox (λ = 0.41),V0 originais,8,9,1101.2960535756108,bcMEDV ~ CRIM + C(CHAS) + NOX + RM + DIS + PTRATIO + B + LSTAT,4.555893726452587,3.1689085925807348,0.7385453493715735,0.7622864759587994,1101.2960535756104,1.7455090996730978,NOX,4.420193057399817e-19,3.0732952451658203e-15,0.9600863306918707,1.1902089124460267e-05,1.0399255982556554,0.40836565509586836,6.739251927432585e-65,False,False,False,True,1
Box-Cox (λ = 0.41),V0 originais,9,10,1097.1790014435178,bcMEDV ~ CRIM + NOX + RM + DIS + PTRATIO + B + LSTAT + TAX + C(RAD == 24),4.5192130370619585,3.1417325161554333,0.7446413535963476,0.7666650925592442,1097.1790014435153,2.6234762379180103,TAX,7.650657296725505e-20,1.800932126956701e-14,0.9635716925154443,4.101084629841716e-08,1.0039541526110498,0.42839031128269384,3.3534567191834906e-71,False,False,False,False,0
Box-Cox (λ = 0.41),V0 originais,10,11,1092.563471669856,bcMEDV ~ CRIM + C(CHAS) + NOX + RM + DIS + PTRATIO + B + LSTAT + TAX + C(RAD == 24),4.479890356915374,3.130395327297492,0.7465058414786618,0.7711898776592221,1092.5634716698535,2.6296596777344137,TAX,3.027367586557683e-19,4.4976226337244896e-14,0.9654193655457111,8.359942316420111e-08,1.0746135659950835,0.4041274456441338,1.3317347042463953e-63,False,False,False,False,0
Box-Cox (λ = 0.41),V0 originais,11,12,1093.9292077744624,bcMEDV ~ CRIM + ZN + C(CHAS) + NOX + RM + DIS + PTRATIO + B + LSTAT + TAX + C(RAD == 24),4.477247970219514,3.1012317335188464,0.747013606472533,0.7729312066637847,1093.9292077744603,2.649929809490553,TAX,4.7190769062420774e-18,4.919467440413085e-14,0.965576600223293,2.6313184674345625e-07,1.0853154162098775,0.404512369032868,1.0169073532240246e-63,False,False,False,False,0
Box-Cox (λ = 0.41),V0 originais,12,13,1100.094540359651,bcMEDV ~ CRIM + ZN + C(CHAS) + NOX + RM + AGE + DIS + PTRATIO + B + LSTAT + TAX + C(RAD == 24),4.486438037672839,3.1050509616653157,0.7458623961302044,0.7724891869415157,1100.094540359649,2.6519882510202266,TAX,3.033084600228947e-18,4.9422288205493764e-14,0.9655932145069882,3.22170444154855e-07,1.088523714516029,0.4026153276077971,3.8326994970707117e-63,False,False,False,False,0
Box-Cox (λ = 0.41),V0 originais,13,14,1106.3072433452187,bcMEDV ~ CRIM + ZN + INDUS + C(CHAS) + NOX + RM + AGE + DIS + PTRATIO + B + LSTAT + TAX + C(RAD == 24),4.497487568785957,3.1164440443548562,0.744627516039583,0.7720237950372348,1106.3072433452166,2.8876332630372645,TAX,1.7499107368361952e-18,5.064204825720847e-14,0.9656414128896238,6.504956469300402e-07,1.0884143271251345,0.40259829347303805,3.8785262664121917e-63,False,False,False,False,0
Box-Cox (λ = 0.41),V1 log,1,2,1196.1953277160346,bcMEDV ~ logLSTAT,5.233699158617524,3.8688241039556615,0.6624730518414251,0.6910382862033211,1196.1953277160346,1.0,logLSTAT,0.9358922934384357,1.6698408439736732e-06,0.9890563069322903,0.5702534151491554,0.8967358295894354,0.47040759664277637,2.1376080222845188e-85,True,False,True,True,3
Box-Cox (λ = 0.41),V1 log,2,3,1144.7424326599485,bcMEDV ~ PTRATIO + logLSTAT,4.954730727863568,3.6219474732282144,0.69878387737213,0.7240789981315926,1144.7424326599482,1.1026133413632402,PTRATIO,0.7931440150674776,3.8476141361362164e-07,0.9874161508037286,0.9083303515082889,0.9654275321704305,0.4446452512812627,1.5473131034939802e-76,True,False,True,True,3
Box-Cox (λ = 0.41),V1 log,3,4,1117.5958412115722,bcMEDV ~ RM + PTRATIO + logLSTAT,4.630703299040151,3.3620922051225373,0.7341424212968894,0.7413356069092351,1117.5958412115717,1.3902051910554125,logLSTAT,0.3327800725529241,1.944340325798033e-09,0.9815482496405848,0.19445402558393327,0.8870424397865903,0.4824676980638659,1.029669501405978e-89,True,False,True,True,3
Box-Cox (λ = 0.41),V1 log,4,5,1097.1412984356346,bcMEDV ~ RM + PTRATIO + B + logLSTAT,4.555134092745918,3.2072392228395783,0.741214646395252,0.7542512395300138,1097.141298435634,1.4705392553410706,logLSTAT,0.04822758552450802,1.1403398838732215e-12,0.9707475053067172,0.1116473678825436,0.8876748445451141,0.4941018853361247,5.563115178006105e-94,False,False,True,True,2
Box-Cox (λ = 0.41),V1 log,5,6,1081.8294928815246,bcMEDV ~ NOX + RM + logDIS + PTRATIO + logLSTAT,4.363577712735285,3.1765475648686974,0.7638376485071008,0.7641120279172817,1081.829492881524,1.910427908513031,NOX,0.7428447048020506,1.0682076382904459e-07,0.985954097130527,2.440290903576185e-10,0.9552760933836412,0.43239061416640706,1.700494670140327e-72,True,False,False,True,2
Box-Cox (λ = 0.41),V1 log,6,7,1062.631445180657,bcMEDV ~ NOX + RM + logDIS + PTRATIO + B + logLSTAT,4.280462655036222,3.055656499326228,0.7709974067234221,0.775325791372718,1062.6314451806566,1.9358882657131617,NOX,0.21326430602433574,2.7474124575441275e-10,0.9788399024433485,1.942000393695577e-10,0.9685246637722343,0.441727452455526,1.451663554236798e-75,True,False,False,True,2
Box-Cox (λ = 0.41),V1 log,7,8,1056.19830750909,bcMEDV ~ C(CHAS) + NOX + RM + logDIS + PTRATIO + B + logLSTAT,4.243088947383634,3.0123453550360884,0.7740551346418154,0.7804832049071547,1056.1983075090895,1.9414482681830656,NOX,0.4163531962732423,2.7207673874164365e-10,0.9788927647170916,6.748239112315408e-10,1.0318253611806718,0.41479795367183103,6.861996698821729e-67,True,False,False,True,2
Box-Cox (λ = 0.41),V1 log,8,9,1055.6950315328784,bcMEDV ~ C(CHAS) + NOX + RM + logDIS + PTRATIO + B + logLSTAT + TAX,4.231317045596386,2.9860421331333695,0.7747521053243637,0.782967684004758,1055.6950315328777,2.0593756300010875,NOX,0.280488181124744,4.190380404564159e-11,0.9762806339420651,1.0066027718950233e-13,1.0193087342253593,0.4167139315388969,1.7262343188245425e-67,True,False,False,True,2
Box-Cox (λ = 0.41),V1 log,9,10,1054.5772004876244,bcMEDV ~ C(CHAS) + NOX + RM + logDIS + PTRATIO + B + logLSTAT + TAX + C(RAD == 24),4.188469657392554,2.9777481683664644,0.7790132603842806,0.7856862082356643,1054.5772004876226,2.638198891897302,TAX,0.33665093839200877,1.0599605133482343e-10,0.9775414669020959,4.311047647233195e-15,1.0223153040947985,0.4151383460111638,5.372413349423363e-67,True,False,False,False,1
Box-Cox (λ = 0.41),V1 log,10,11,1059.312586056604,bcMEDV ~ ZN + C(CHAS) + NOX + RM + logDIS + PTRATIO + B + logLSTAT + TAX + C(RAD == 24),4.1998678378967425,3.009894089811234,0.7775702618947297,0.7858828133381186,1059.312586056602,2.6668471460545637,TAX,0.27040639974402514,1.3059941439871944e-10,0.9778248179994419,9.646754280592229e-15,1.0272189942968202,0.41040253360848844,1.5888956774495606e-65,True,False,False,False,1
Box-Cox (λ = 0.41),V1 log,11,12,1064.5519888401386,bcMEDV ~ ZN + C(CHAS) + NOX + RM + AGE + logDIS + PTRATIO + B + logLSTAT + TAX + C(RAD == 24),4.2053622418934635,3.0158434209036975,0.7768916018511278,0.7858630288512765,1064.551988840137,2.6668471737797126,TAX,0.335516707587586,1.2587225708203055e-10,0.977785647614671,8.122534559843765e-14,1.04171298957582,0.4026537012570888,3.731430496985226e-63,True,False,False,False,1
Box-Cox (λ = 0.41),V1 log,12,13,1070.1875231306701,bcMEDV ~ logCRIM + ZN + C(CHAS) + NOX + RM + AGE + logDIS + PTRATIO + B + logLSTAT + TAX + C(RAD == 24),4.219475431973389,3.0287341526287834,0.775122671785409,0.7856729494450868,1070.1875231306678,2.8326229714204114,C(RAD == 24),0.3203326076542025,1.6800138842359884e-10,0.9781956654314002,5.229678647803869e-13,1.040812013178261,0.4029903207953903,2.949941617092877e-63,True,False,False,False,1
Box-Cox (λ = 0.41),V1 log,13,14,1076.3985651357448,bcMEDV ~ logCRIM + ZN + INDUS + C(CHAS) + NOX + RM + AGE + logDIS + PTRATIO + B + logLSTAT + TAX + C(RAD == 24),4.2262295538245285,3.034994957024007,0.7744631357769753,0.7852352380184469,1076.3985651357427,2.8995780885834423,C(RAD == 24),0.31856206766811884,1.7693330897693835e-10,0.978266350758689,3.058613669985555e-13,1.0409186580898029,0.40295175461763966,3.030475892434563e-63,True,False,False,False,1
Box-Cox (λ = 0.41),V2 log + quadráticos,1,3,1202.4054187192583,bcMEDV ~ logLSTAT + I(logLSTAT_c**2),5.236059251489251,3.8699793718748148,0.6621743035703618,0.6904219069932328,1202.4054187192587,1.0333447898396622,logLSTAT,0.3810912847143256,1.6421404433090304e-06,0.989044135327929,0.027523016578164295,0.8967184352194969,0.4702768018309415,2.3776942006849044e-85,True,False,False,True,2
Box-Cox (λ = 0.41),V2 log + quadráticos,2,5,1120.047191735174,bcMEDV ~ RM_c + I(RM_c**2) + logLSTAT + I(logLSTAT_c**2),4.612751100582378,3.297937700200356,0.7298543649734928,0.7427547111454098,1120.047191735174,1.353697809790026,logLSTAT,0.5436535969230762,2.5640713503227344e-10,0.978159818137657,0.00046985397925517456,0.8644243619166295,0.46760548913816125,2.0773745597433945e-84,True,False,False,True,2
Box-Cox (λ = 0.41),V2 log + quadráticos,3,6,1080.0687544033456,bcMEDV ~ RM_c + I(RM_c**2) + PTRATIO + logLSTAT + I(logLSTAT_c**2),4.407143510218395,3.080025384179823,0.7545385681440986,0.7649395888813979,1080.068754403345,1.4009425972997842,logLSTAT,0.3764430193113896,3.2400466378198335e-12,0.9718236893870356,0.005507868921726293,0.9095692849344527,0.4476407648022133,1.5303922375939852e-77,True,False,False,True,2
Box-Cox (λ = 0.41),V2 log + quadráticos,4,7,1058.957284526312,bcMEDV ~ RM_c + I(RM_c**2) + PTRATIO + B + logLSTAT + I(logLSTAT_c**2),4.340494981502513,2.9567154788751298,0.7602159758650682,0.7769674472558641,1058.9572845263115,1.4913108740915824,logLSTAT,0.3663587035686856,8.567692409458851e-15,0.9610396320669452,0.005747465846180471,0.9060147174718249,0.4602285159692122,7.754230293352538e-82,True,False,False,True,2
Box-Cox (λ = 0.41),V2 log + quadráticos,5,8,1049.550502399555,bcMEDV ~ NOX + RM_c + I(RM_c**2) + logDIS + PTRATIO + logLSTAT + I(logLSTAT_c**2),4.181933667555411,2.9336045250596685,0.7798950015794002,0.7833767493033353,1049.5505023995547,1.9117023867802898,NOX,0.904150152034409,6.409286749133223e-11,0.9765606115932376,4.934490638371528e-09,0.9672785034719769,0.4011559622601057,1.0591640528457248e-62,True,False,False,True,2
Box-Cox (λ = 0.41),V2 log + quadráticos,6,9,1032.8912294969925,bcMEDV ~ NOX + RM_c + I(RM_c**2) + logDIS + PTRATIO + B + logLSTAT + I(logLSTAT_c**2),4.122619191592842,2.8437467442243376,0.7843783318283197,0.7926248041032642,1032.8912294969923,1.9370759547464227,NOX,0.5797262099612249,4.3863752690539224e-13,0.9686632134595623,4.362616084774821e-09,0.9693229768526958,0.4148526702823503,6.597388961248842e-67,True,False,False,True,2
Box-Cox (λ = 0.41),V2 log + quadráticos,7,10,1024.8727456577753,bcMEDV ~ C(CHAS) + NOX + RM_c + I(RM_c**2) + logDIS + PTRATIO + B + logLSTAT + I(logLSTAT_c**2),4.094495913763633,2.820918079364786,0.7843799115365802,0.7980235859039191,1024.872745657775,1.9427533283065799,NOX,0.807476619769649,2.8904145415275876e-13,0.9676570036055122,5.4391233053959965e-09,1.0463404137432044,0.38463662415687244,8.159010662960878e-58,True,False,False,True,2
Box-Cox (λ = 0.41),V2 log + quadráticos,8,11,1024.276653420093,bcMEDV ~ C(CHAS) + NOX + RM_c + I(RM_c**2) + logDIS + PTRATIO + B + logLSTAT + I(logLSTAT_c**2) + TAX,4.088581631380134,2.799835587402145,0.7843592655655158,0.8003448825880616,1024.276653420093,2.0641146802168393,NOX,0.5568282150395217,6.295330846883629e-14,0.9648561681845179,2.4385464164090042e-12,1.0326314730029655,0.3870699808749575,1.6016097828872978e-58,True,False,False,True,2
Box-Cox (λ = 0.41),V2 log + quadráticos,9,12,1024.630064417823,bcMEDV ~ C(CHAS) + NOX + RM_c + I(RM_c**2) + logDIS + PTRATIO + B + logLSTAT + I(logLSTAT_c**2) + TAX + C(RAD == 24),4.04834463071169,2.7855440779152976,0.7880255707209243,0.8022642818118713,1024.6300644178218,2.642550784100802,TAX,0.7938616669949088,1.3113908247491447e-13,0.9662457464184318,3.7148185311649717e-13,1.0339622616526387,0.38782651204495316,9.634473429016399e-59,True,False,False,False,1
Box-Cox (λ = 0.41),V2 log + quadráticos,10,13,1029.884956593308,bcMEDV ~ INDUS + C(CHAS) + NOX + RM_c + I(RM_c**2) + logDIS + PTRATIO + B + logLSTAT + I(logLSTAT_c**2) + TAX + C(RAD == 24),4.061342143748735,2.7898609385735558,0.7868444701403422,0.8022390698996269,1029.8849565933067,2.836868019299132,TAX,0.6869961796638011,9.22020888053108e-14,0.9655709082209643,6.492981916695429e-13,1.0351109666138423,0.3859986286847699,3.284058826185906e-58,True,False,False,False,1
Box-Cox (λ = 0.41),V2 log + quadráticos,11,14,1035.0074740430532,bcMEDV ~ logCRIM + ZN + C(CHAS) + NOX + RM_c + I(RM_c**2) + logDIS + PTRATIO + B + logLSTAT + I(logLSTAT_c**2) + TAX + C(RAD == 24),4.078245547220618,2.8134375974808474,0.7842345988534463,0.8022652768085576,1035.007474043052,2.816278223586912,C(RAD == 24),0.44640667261432676,1.3064481645341584e-13,0.9661611560158726,5.935399252329593e-12,1.0283594356561911,0.38780415657803013,9.780399854744787e-59,True,False,False,False,1
Box-Cox (λ = 0.41),V2 log + quadráticos,12,15,1040.4309765511857,bcMEDV ~ logCRIM + ZN + INDUS + C(CHAS) + NOX + RM_c + I(RM_c**2) + logDIS + PTRATIO + B + logLSTAT + I(logLSTAT_c**2) + TAX + C(RAD == 24),4.08928487316159,2.819327312253751,0.7831580657481803,0.8021718333688905,1040.4309765511837,2.8965918645901145,TAX,0.3933651408783081,9.623688727443606e-14,0.9655756746773677,9.861438589941935e-12,1.0289627454481405,0.3865925085844236,2.2062107726526834e-58,True,False,False,False,1
Box-Cox (λ = 0.41),V2 log + quadráticos,13,16,1046.1225514437222,bcMEDV ~ logCRIM + ZN + INDUS + C(CHAS) + NOX + RM_c + I(RM_c**2) + AGE + logDIS + PTRATIO + B + logLSTAT + I(logLSTAT_c**2) + TAX + C(RAD == 24),4.10102158839737,2.8210607056372288,0.7817550982409506,0.801971576171638,1046.1225514437203,2.900908224799454,C(RAD == 24),0.3810244313313144,1.0763651710030732e-13,0.965808394607773,2.973898085086184e-11,1.038336457845715,0.3811972671506208,8.008138697013467e-57,True,False,False,False,1
Box-Cox (λ = 0.41),V3 = V2 + ZN > 0,1,3,1202.4054187192583,bcMEDV ~ logLSTAT + I(logLSTAT_c**2),5.236059251489251,3.8699793718748148,0.6621743035703618,0.6904219069932328,1202.4054187192587,1.0333447898396622,logLSTAT,0.3810912847143256,1.6421404433090304e-06,0.989044135327929,0.027523016578164295,0.8967184352194969,0.4702768018309415,2.3776942006849044e-85,True,False,False,True,2
Box-Cox (λ = 0.41),V3 = V2 + ZN > 0,2,5,1120.047191735174,bcMEDV ~ RM_c + I(RM_c**2) + logLSTAT + I(logLSTAT_c**2),4.612751100582378,3.297937700200356,0.7298543649734928,0.7427547111454098,1120.047191735174,1.353697809790026,logLSTAT,0.5436535969230762,2.5640713503227344e-10,0.978159818137657,0.00046985397925517456,0.8644243619166295,0.46760548913816125,2.0773745597433945e-84,True,False,False,True,2
Box-Cox (λ = 0.41),V3 = V2 + ZN > 0,3,6,1080.0687544033456,bcMEDV ~ RM_c + I(RM_c**2) + PTRATIO + logLSTAT + I(logLSTAT_c**2),4.407143510218395,3.080025384179823,0.7545385681440986,0.7649395888813979,1080.068754403345,1.4009425972997842,logLSTAT,0.3764430193113896,3.2400466378198335e-12,0.9718236893870356,0.005507868921726293,0.9095692849344527,0.4476407648022133,1.5303922375939852e-77,True,False,False,True,2
Box-Cox (λ = 0.41),V3 = V2 + ZN > 0,4,7,1058.957284526312,bcMEDV ~ RM_c + I(RM_c**2) + PTRATIO + B + logLSTAT + I(logLSTAT_c**2),4.340494981502513,2.9567154788751298,0.7602159758650682,0.7769674472558641,1058.9572845263115,1.4913108740915824,logLSTAT,0.3663587035686856,8.567692409458851e-15,0.9610396320669452,0.005747465846180471,0.9060147174718249,0.4602285159692122,7.754230293352538e-82,True,False,False,True,2
Box-Cox (λ = 0.41),V3 = V2 + ZN > 0,5,8,1049.550502399555,bcMEDV ~ NOX + RM_c + I(RM_c**2) + logDIS + PTRATIO + logLSTAT + I(logLSTAT_c**2),4.181933667555411,2.9336045250596685,0.7798950015794002,0.7833767493033353,1049.5505023995547,1.9117023867802898,NOX,0.904150152034409,6.409286749133223e-11,0.9765606115932376,4.934490638371528e-09,0.9672785034719769,0.4011559622601057,1.0591640528457248e-62,True,False,False,True,2
Box-Cox (λ = 0.41),V3 = V2 + ZN > 0,6,9,1032.8912294969925,bcMEDV ~ NOX + RM_c + I(RM_c**2) + logDIS + PTRATIO + B + logLSTAT + I(logLSTAT_c**2),4.122619191592842,2.8437467442243376,0.7843783318283197,0.7926248041032642,1032.8912294969923,1.9370759547464227,NOX,0.5797262099612249,4.3863752690539224e-13,0.9686632134595623,4.362616084774821e-09,0.9693229768526958,0.4148526702823503,6.597388961248842e-67,True,False,False,True,2
Box-Cox (λ = 0.41),V3 = V2 + ZN > 0,7,10,1024.8727456577753,bcMEDV ~ C(CHAS) + NOX + RM_c + I(RM_c**2) + logDIS + PTRATIO + B + logLSTAT + I(logLSTAT_c**2),4.094495913763633,2.820918079364786,0.7843799115365802,0.7980235859039191,1024.872745657775,1.9427533283065799,NOX,0.807476619769649,2.8904145415275876e-13,0.9676570036055122,5.4391233053959965e-09,1.0463404137432044,0.38463662415687244,8.159010662960878e-58,True,False,False,True,2
Box-Cox (λ = 0.41),V3 = V2 + ZN > 0,8,11,1024.276653420093,bcMEDV ~ C(CHAS) + NOX + RM_c + I(RM_c**2) + logDIS + PTRATIO + B + logLSTAT + I(logLSTAT_c**2) + TAX,4.088581631380134,2.799835587402145,0.7843592655655158,0.8003448825880616,1024.276653420093,2.0641146802168393,NOX,0.5568282150395217,6.295330846883629e-14,0.9648561681845179,2.4385464164090042e-12,1.0326314730029655,0.3870699808749575,1.6016097828872978e-58,True,False,False,True,2
Box-Cox (λ = 0.41),V3 = V2 + ZN > 0,9,12,1024.630064417823,bcMEDV ~ C(CHAS) + NOX + RM_c + I(RM_c**2) + logDIS + PTRATIO + B + logLSTAT + I(logLSTAT_c**2) + TAX + C(RAD == 24),4.04834463071169,2.7855440779152976,0.7880255707209243,0.8022642818118713,1024.6300644178218,2.642550784100802,TAX,0.7938616669949088,1.3113908247491447e-13,0.9662457464184318,3.7148185311649717e-13,1.0339622616526387,0.38782651204495316,9.634473429016399e-59,True,False,False,False,1
Box-Cox (λ = 0.41),V3 = V2 + ZN > 0,10,13,1029.884956593308,bcMEDV ~ INDUS + C(CHAS) + NOX + RM_c + I(RM_c**2) + logDIS + PTRATIO + B + logLSTAT + I(logLSTAT_c**2) + TAX + C(RAD == 24),4.061342143748735,2.7898609385735558,0.7868444701403422,0.8022390698996269,1029.8849565933067,2.836868019299132,TAX,0.6869961796638011,9.22020888053108e-14,0.9655709082209643,6.492981916695429e-13,1.0351109666138423,0.3859986286847699,3.284058826185906e-58,True,False,False,False,1
Box-Cox (λ = 0.41),V3 = V2 + ZN > 0,11,14,1035.3632275614154,bcMEDV ~ logCRIM + INDUS + C(CHAS) + NOX + RM_c + I(RM_c**2) + logDIS + PTRATIO + B + logLSTAT + I(logLSTAT_c**2) + TAX + C(RAD == 24),4.076306141101873,2.801476777939544,0.7845083024577931,0.8021248181162268,1035.3632275614143,2.853432212648112,C(RAD == 24),0.5477163238735077,9.100121134289897e-14,0.9655063360714101,3.309300129379828e-12,1.0292036328258678,0.388768362898767,5.110164844976612e-59,True,False,False,False,1
Box-Cox (λ = 0.41),V3 = V2 + ZN > 0,12,15,1040.9373430690382,bcMEDV ~ logCRIM + INDUS + C(CHAS) + NOX + RM_c + I(RM_c**2) + AGE + logDIS + PTRATIO + B + logLSTAT + I(logLSTAT_c**2) + TAX + C(RAD == 24),4.088831965119663,2.806008276232837,0.7830849333111762,0.8019717850650585,1040.937343069037,2.877847940818149,C(RAD == 24),0.5285141613614729,1.0553205303326131e-13,0.9658065253432594,1.066849212639116e-11,1.0397967268107933,0.3826846979397101,2.9898055557749447e-57,True,False,False,False,1
Box-Cox (λ = 0.41),V3 = V2 + ZN > 0,13,16,1046.8897079664177,bcMEDV ~ logCRIM + ZN_pos + INDUS + C(CHAS) + NOX + RM_c + I(RM_c**2) + AGE + logDIS + PTRATIO + B + logLSTAT + I(logLSTAT_c**2) + TAX + C(RAD == 24),4.09323975391174,2.8081463305763914,0.7826214566477734,0.8016681127599012,1046.8897079664162,2.8987695347691207,C(RAD == 24),0.47291216255325075,9.736677066671568e-14,0.9656463581831166,2.098525304166109e-11,1.0399780555116815,0.38244551915441094,3.5039539898423886e-57,True,False,False,False,1
Box-Cox (λ = 0.41),Livre,1,2,1196.1953277160346,bcMEDV ~ logLSTAT,5.233699158617524,3.8688241039556615,0.6624730518414251,0.6910382862033211,1196.1953277160346,1.0,logLSTAT,0.9358922934384357,1.6698408439736732e-06,0.9890563069322903,0.5702534151491554,0.8967358295894354,0.47040759664277637,2.1376080222845188e-85,True,False,True,True,3
Box-Cox (λ = 0.41),Livre,2,5,1120.047191735174,bcMEDV ~ RM_c + I(RM_c**2) + logLSTAT + I(logLSTAT_c**2),4.612751100582378,3.297937700200356,0.7298543649734928,0.7427547111454098,1120.047191735174,1.353697809790026,logLSTAT,0.5436535969230762,2.5640713503227344e-10,0.978159818137657,0.00046985397925517456,0.8644243619166295,0.46760548913816125,2.0773745597433945e-84,True,False,False,True,2
Box-Cox (λ = 0.41),Livre,3,5,1054.9557879290055,bcMEDV ~ CRIM + RM_c + I(RM_c**2) + logLSTAT,4.453857571795347,3.1064621396581122,0.748119313476808,0.7740966846914143,1054.9557879290053,1.4394007482822941,logLSTAT,0.013422828787344635,1.7741770847941877e-13,0.9664850168835765,0.007182113606964145,0.9206852997179834,0.45480423163504263,5.687271430009093e-80,False,False,False,True,1
Box-Cox (λ = 0.41),Livre,4,6,1029.1846903620572,bcMEDV ~ CRIM + RM_c + I(RM_c**2) + PTRATIO + logLSTAT,4.292764475694412,2.9240954736765294,0.7671133003641725,0.7876411459136361,1029.1846903620567,1.464444399961794,logLSTAT,0.014148242808591536,5.008232338373029e-15,0.9597267465772299,0.010626486719668546,0.940125320222666,0.45122348953243413,9.425209898119743e-79,False,False,False,True,1
Box-Cox (λ = 0.41),Livre,5,8,1017.3475076186476,bcMEDV ~ CRIM + RM_c + I(RM_c**2) + DIS + PTRATIO + logLSTAT + I(logLSTAT_c**2),4.202756363390613,2.8726482866302505,0.7737967379905326,0.7968626729922336,1017.3475076186469,1.6447020066263902,logLSTAT,0.6880852100432234,1.5008034784755122e-14,0.9618838265597445,0.00012024918817146286,1.0124593922400134,0.41177236407351564,5.988884706332324e-66,True,False,False,True,2
Box-Cox (λ = 0.41),Livre,6,9,984.4718398980033,bcMEDV ~ CRIM + NOX + RM_c + I(RM_c**2) + logDIS + PTRATIO + logLSTAT + I(logLSTAT_c**2),4.0239045864480305,2.757493737255011,0.7938654251457744,0.8117286628637329,984.4718398980024,1.9272093870273863,logDIS,0.9651523143391281,4.1613866672424046e-13,0.9682610225839124,2.5866129006063214e-07,1.054692463840486,0.3724110727563181,2.4974718270158915e-54,True,False,False,True,2
Box-Cox (λ = 0.41),Livre,7,10,977.6918192631763,bcMEDV ~ CRIM + C(CHAS) + NOX + RM_c + I(RM_c**2) + logDIS + PTRATIO + logLSTAT + I(logLSTAT_c**2),4.000781525043122,2.734526418919182,0.7931502611759681,0.8161762491190789,977.6918192631757,1.9295385266394631,logDIS,0.4157083237054647,2.145730234488535e-13,0.9667961002357145,4.0367390532214695e-08,1.123624154719399,0.3451706018879233,5.821673498031901e-47,True,False,False,True,2
Box-Cox (λ = 0.41),Livre,8,11,972.1473573502406,bcMEDV ~ CRIM + NOX + RM_c + I(RM_c**2) + logDIS + PTRATIO + logLSTAT + I(logLSTAT_c**2) + TAX + C(RAD == 24),3.9064394847028767,2.7047263956869516,0.8043561395758946,0.8200748422875688,972.1473573502367,2.635043820026993,TAX,0.34860037337221783,1.4719984237573678e-12,0.9703908096333689,3.375496070715265e-10,1.1068881251483949,0.3556483631146721,9.918639334846746e-50,True,False,False,False,1
Box-Cox (λ = 0.41),Livre,9,12,965.6885740305369,bcMEDV ~ CRIM + NOX + RM_c + I(RM_c**2) + logDIS + PTRATIO + B + logLSTAT + I(logLSTAT_c**2) + TAX + C(RAD == 24),3.8709451180152987,2.66462343478323,0.8070917894886817,0.8242111257076918,965.6885740305332,2.637676529100657,TAX,0.22181127058137803,3.534754622390198e-13,0.9679239751283414,3.2869542213322935e-10,1.1002322177132293,0.3718599856063228,3.5646316375781057e-54,True,False,False,False,1
Box-Cox (λ = 0.41),Livre,10,13,961.3423299426419,bcMEDV ~ CRIM + C(CHAS) + NOX + RM_c + I(RM_c**2) + logDIS + PTRATIO + B + logLSTAT + I(logLSTAT_c**2) + TAX + C(RAD == 24),3.8510010929979983,2.6407200183223605,0.8060815215594535,0.8275258711755282,961.3423299426383,2.64500647842268,TAX,0.5216978989076524,1.92593670609564e-13,0.9665898863393095,3.0789222233967847e-10,1.1613276786872353,0.348386417710923,8.394407651854543e-48,True,False,False,False,1
Box-Cox (λ = 0.41),Livre,11,14,967.3501376807944,bcMEDV ~ CRIM + C(CHAS) + NOX + RM_c + I(RM_c**2) + AGE + logDIS + PTRATIO + B + logLSTAT + I(logLSTAT_c**2) + TAX + C(RAD == 24),3.871396238223133,2.6473098655432947,0.8036988570225327,0.8272437283152598,967.350137680791,2.647752328384479,C(RAD == 24),0.5335299177219174,2.0700528254815606e-13,0.9667361430364138,6.546949297016275e-10,1.1660216117849578,0.34517751765578075,5.797588034412153e-47,True,False,False,False,1
Box-Cox (λ = 0.41),Livre,12,15,973.4562482063966,bcMEDV ~ CRIM + ZN + C(CHAS) + NOX + RM_c + I(RM_c**2) + AGE + logDIS + PTRATIO + B + logLSTAT + I(logLSTAT_c**2) + TAX + C(RAD == 24),3.8811106006771956,2.65668247133003,0.802752666811841,0.8269264383281512,973.4562482063933,2.6741960867306345,TAX,0.5626880200131714,2.0959578709235384e-13,0.9667518406498765,1.1389259370546897e-09,1.165484791687692,0.3447498477176548,7.490705118029158e-47,True,False,False,False,1
Box-Cox (λ = 0.41),Livre,13,16,979.6334389378549,bcMEDV ~ CRIM + ZN + INDUS + C(CHAS) + NOX + RM_c + I(RM_c**2) + AGE + logDIS + PTRATIO + B + logLSTAT + I(logLSTAT_c**2) + TAX + C(RAD == 24),3.8913835487178177,2.666004532494502,0.8018735525279471,0.8265832294460194,979.6334389378513,2.886448517482724,TAX,0.5759394045222046,1.9374591699444877e-13,0.9666058840611758,1.8377929672115257e-09,1.1647992561833367,0.3447357143887985,7.554360910140216e-47,True,False,False,False,1
logMEDV,Modelo final atual,11,19,,logMEDV ~ CRIM + C(CHAS) + NOX + logDIS + C(RAD) + PTRATIO + B + logLSTAT + RM_c + I(RM_c**2) + I(logLSTAT_c**2),3.995736408395519,2.75281210553688,0.7884581667099821,0.8125248723097882,-210.6554271965415,2.1348011841693153,NOX,0.14064890201970606,3.2443331965743774e-13,0.9684671188639485,2.134910732405955e-10,1.1435999266594488,0.38435389596509817,9.851598870603094e-58,True,False,False,True,2
