,Modelo A,Modelo B,Modelo final
Resposta,Box-Cox (λ = 0.41),Box-Cox (λ = 0.41),logMEDV
Nº de variáveis,7,5,11
Nº de parâmetros,10,8,19
RMSE (VC),4.000781525043122,4.181933667555411,3.995736408395519
MAE (VC),2.734526418919182,2.9336045250596685,2.75281210553688
R² fora da amostra (VC),0.7931502611759681,0.7798950015794002,0.7884581667099821
Escore (n = 501),2,2,2
I de Moran (n = 501),0.3451706018879233,0.4011559622601057,0.38435389596509817
n sem influentes,467,466,473
R² ajustado,0.881649259254965,0.8559792249451753,0.8808776890412299
BIC,629.7910134398928,702.8794755520933,-501.00470185082395
RESET p,0.11462704538190428,0.07128569623414688,0.9365238499951627
Shapiro-Wilk p,0.11502473911738026,0.13805033337890582,0.0011452732380647069
Correlação QQ,0.99710699108096,0.9973392208973588,0.9932983675083621
Breusch-Pagan p,0.0009313553916776597,0.0003698595315451936,5.8614470408086265e-12
Maior GVIF^(1/(2·GL)),1.9605763851972284,1.9390391996783447,2.1920754085742513
Durbin-Watson,1.2563334762300298,1.0696313071976704,1.4109770536297692
Escore (sem influentes),3,3,3
