,Modelo final,Sem a linha 414,Sem |t| > 3,Sem a 2ª rodada de influentes
Linhas retiradas,0,1,5,23
n,473,472,468,450
R² ajustado,0.8808776890412299,0.8797926362190156,0.8946874062878994,0.9029337246752858
Erro padrão residual,0.12851039558897734,0.1280108313196505,0.11945417158614739,0.10891465499495485
Correlação QQ,0.9932983675083621,0.992272635301355,0.9981837006043931,0.9981685706599724
Shapiro-Wilk p,0.0011452732380647069,0.00032977795361877526,0.2108983214357124,0.475698425881705
|t| > 3,5,5,0,3
Breusch-Pagan p,5.8614470408086265e-12,3.474790150686053e-12,4.4401303770235353e-13,4.3627322142107764e-10
RESET p,0.9365238499951627,0.5884145568839091,0.3024499639237725,0.9967604165352315
Maior |Δβ| / EP HC3,0.0,0.4915269982267788,0.7262022100958129,1.7492485803226283
Termo com maior |Δβ|,n/a,CRIM,I(logLSTAT_c ** 2),CRIM
RMSE (VC),4.0717036931006385,4.062387634749089,4.089789805854814,4.179895009902284
MAE (VC),2.661253859460625,2.657828711831586,2.647592535942414,2.6403907790324217
