CRIM,ZN,INDUS,CHAS,NOX,RM,AGE,DIS,RAD,TAX,PTRATIO,B,LSTAT,MEDV,logCRIM,logZN,logDIS,logLSTAT,logMEDV
0.00632,18.0,2.31,0,0.538,6.575,65.2,4.09,1,296,15.3,396.9,4.98,24.0,0.006300112548479854,2.9444389791664403,1.4085449700547104,1.6054298910365616,3.1780538303479458
0.02731,0.0,7.07,0,0.469,6.421,78.9,4.9671,2,242,17.8,396.9,9.14,21.6,0.026943735447546184,0.0,1.602836168799538,2.2126603854660587,3.0726933146901194
0.02729,0.0,7.07,0,0.469,7.185,61.1,4.9671,2,242,17.8,392.83,4.03,34.7,0.026924266937859983,0.0,1.602836168799538,1.3937663759585917,3.5467396869528134
0.03237,0.0,2.18,0,0.458,6.998,45.8,6.0622,3,222,18.7,394.63,2.94,33.4,0.031857129935659596,0.0,1.802072770503119,1.0784095813505903,3.5085558999826545
0.06905,0.0,2.18,0,0.458,7.147,54.2,6.0622,3,222,18.7,396.9,5.33,36.2,0.06677040363385237,0.0,1.802072770503119,1.673351238177753,3.5890591188317256
0.02985,0.0,2.18,0,0.458,6.43,58.7,6.0622,3,222,18.7,394.12,5.21,28.7,0.029413160568349615,0.0,1.802072770503119,1.6505798557652755,3.3568971227655755
0.08829,12.5,7.87,0,0.524,6.012,66.6,5.5605,5,311,15.2,395.6,12.43,22.9,0.08460765703482563,2.6026896854443837,1.7156880322767596,2.5201129055226197,3.131136910560194
0.14455,12.5,7.87,0,0.524,6.172,96.1,5.9505,5,311,15.2,396.9,19.15,27.1,0.13501154665587695,2.6026896854443837,1.7834752496403574,2.952302715626655,3.299533727885655
0.21124,12.5,7.87,0,0.524,5.631,100.0,6.0821,5,311,15.2,386.63,29.93,16.5,0.191644628254806,2.6026896854443837,1.805350031079887,3.3988613218646075,2.803360380906535
0.17004,12.5,7.87,0,0.524,6.004,85.9,6.5921,5,311,15.2,386.71,17.1,18.9,0.15703793625945525,2.6026896854443837,1.8858719623950215,2.8390784635086144,2.9391619220655967
0.22489,12.5,7.87,0,0.524,,94.3,6.3467,5,311,15.2,392.52,20.45,15.0,0.20285104404642812,2.6026896854443837,1.8479349927821578,3.017982882488811,2.70805020110221
0.11747,12.5,7.87,0,0.524,6.009,82.9,6.2267,5,311,15.2,396.9,13.27,18.9,0.11106720150765238,2.6026896854443837,1.8288464974373158,2.5855058483441162,2.9391619220655967
0.09378,12.5,7.87,0,0.524,5.889,39.0,5.4509,5,311,15.2,390.5,15.71,21.7,0.08963958688495932,2.6026896854443837,1.6957807326561167,2.75429745226753,3.077312260546414
0.62976,0.0,8.14,0,0.538,5.949,61.8,4.7075,4,307,21.0,396.9,8.26,20.4,0.48843276471410274,0.0,1.5491569815491704,2.1114245875328868,3.0155349008501706
0.63796,0.0,8.14,0,0.538,6.096,84.5,4.4619,4,307,21.0,380.02,10.26,18.2,0.49345156510828403,0.0,1.4955746842845248,2.3282528397426234,2.9014215940827497
0.62739,0.0,8.14,0,0.538,5.834,56.5,4.4986,4,307,21.0,395.62,8.47,19.9,0.4869775044907406,0.0,1.5037662372600613,2.136530508663963,2.990719731730447
1.05393,0.0,8.14,0,0.538,5.935,29.3,4.4986,4,307,21.0,386.85,6.58,23.1,0.719755031081429,0.0,1.5037662372600613,1.884034745337226,3.139832617527748
0.7842,0.0,8.14,0,0.538,5.99,81.7,4.2579,4,307,21.0,386.75,14.67,17.5,0.5789701354975461,0.0,1.4487760809911847,2.6858045921548905,2.8622008809294686
0.80271,0.0,8.14,0,0.538,5.456,36.6,3.7965,4,307,21.0,288.99,11.69,20.2,0.5892910882451725,0.0,1.3340795896711515,2.458733775483977,3.005682604407159
0.7258,0.0,8.14,0,0.538,5.727,69.5,3.7965,4,307,21.0,390.95,11.28,18.2,0.5456907110920701,0.0,1.3340795896711515,2.423031246069913,2.9014215940827497
1.25179,0.0,8.14,0,0.538,5.57,98.1,3.7979,4,307,21.0,376.57,21.02,13.6,0.8117254554853013,0.0,1.3344482823962802,3.045474365448805,2.6100697927420065
0.85204,0.0,8.14,0,0.538,5.965,89.2,4.0123,4,307,21.0,392.53,13.83,19.6,0.6162877342628865,0.0,1.3893646429771087,2.626840145676667,2.975529566236472
1.23247,0.0,8.14,0,0.538,6.142,91.7,3.9769,4,307,21.0,396.9,18.72,15.2,0.8031085958282843,0.0,1.3805026213280807,2.929592471049446,2.7212954278522306
0.98843,0.0,8.14,0,0.538,5.813,100.0,4.0952,4,307,21.0,394.54,19.88,14.5,0.687345382632109,0.0,1.4098155561612364,2.989714201228428,2.6741486494265287
0.75026,0.0,8.14,0,0.538,5.924,94.1,4.3996,4,307,21.0,394.33,16.3,15.6,0.5597643483283525,0.0,1.4815136277008245,2.791165107812717,2.747270914255491
0.84054,0.0,8.14,0,0.538,5.599,85.7,4.4546,4,307,21.0,303.42,16.51,13.9,0.6100590068254428,0.0,1.4939372701352471,2.8039662579320366,2.631888840136646
0.67191,0.0,8.14,0,0.538,5.813,90.3,4.682,4,307,21.0,376.88,14.81,16.6,0.5139666854625483,0.0,1.5437253690687192,2.6953026282797072,2.8094026953624978
0.95577,0.0,8.14,0,0.538,6.047,88.8,4.4534,4,307,21.0,306.38,17.28,14.8,0.6707839777866772,0.0,1.49366784938822,2.8495497633759097,2.6946271807700692
0.77299,0.0,8.14,0,0.538,6.495,94.4,4.4547,4,307,21.0,387.94,12.8,18.4,0.5726673869182406,0.0,1.4939597185879885,2.5494451709255714,2.91235066461494
1.00245,0.0,8.14,0,0.538,6.674,87.3,4.239,4,307,21.0,380.23,11.98,21.0,0.6943714308596382,0.0,1.4443273923705,2.4832385926873033,3.044522437723423
1.13081,0.0,8.14,0,0.538,5.713,94.1,4.233,4,307,21.0,360.17,22.6,12.7,0.7565021891227188,0.0,1.4429109615387865,3.1179499062782403,2.5416019934645457
1.35472,0.0,8.14,0,0.538,6.072,100.0,4.175,4,307,21.0,376.73,13.04,14.5,0.8564218244336657,0.0,1.4291143583028187,2.5680215564985067,2.6741486494265287
1.38799,0.0,8.14,0,0.538,5.95,82.0,3.99,4,307,21.0,232.6,27.71,13.2,0.8704520079168976,0.0,1.3837912309017721,3.321793358874887,2.580216829592325
1.15172,0.0,8.14,0,0.538,5.701,95.0,3.7872,4,307,21.0,358.77,18.35,13.1,0.7662675223101358,0.0,1.3316269597775825,2.9096295745005794,2.5726122302071057
1.61282,0.0,8.14,0,0.538,6.096,96.9,3.7598,4,307,21.0,248.31,20.34,13.5,0.9604300978281597,0.0,1.324365764497724,3.012589390620414,2.6026896854443837
0.06417,0.0,5.96,0,0.499,,68.2,3.3603,5,279,19.2,396.9,9.68,18.9,0.06219515259296706,0.0,1.2120302557036664,2.2700619012884857,2.9391619220655967
0.09744,0.0,5.96,0,0.499,5.841,61.4,3.3779,5,279,19.2,377.56,11.41,20.0,0.0929801947688742,0.0,1.2172542146318501,2.4344901638739844,2.995732273553991
0.08014,0.0,5.96,0,0.499,5.85,41.5,3.9342,5,279,19.2,396.9,8.77,21.0,0.07709066236456354,0.0,1.3697075575154918,2.1713368063840917,3.044522437723423
0.17505,0.0,5.96,0,0.499,5.966,30.2,3.8473,5,279,19.2,393.43,10.13,24.7,0.16131069988225027,0.0,1.3473716035734287,2.315501318260592,3.2068032436339315
0.02763,75.0,2.95,0,0.428,6.595,21.8,5.4011,3,252,18.3,395.63,4.32,30.8,0.02725518006645146,4.330733340286331,1.68660263652915,1.463255402256019,3.427514689979529
0.03359,75.0,2.95,0,0.428,7.024,15.8,5.4011,3,252,18.3,395.62,1.98,34.9,0.03303817907679737,4.330733340286331,1.68660263652915,0.6830968447064438,3.5524868292083815
0.12744,0.0,6.91,0,0.448,6.77,2.9,5.7209,3,233,17.9,385.41,4.84,26.6,0.11994957590111856,0.0,1.7441261356719917,1.5769147207285403,3.2809112157876537
0.1415,0.0,6.91,0,0.448,6.169,6.6,5.7209,3,233,17.9,383.37,5.81,25.3,0.13234318698771316,0.0,1.7441261356719917,1.7595805708638197,3.2308043957334744
0.15936,0.0,6.91,0,0.448,6.211,6.5,5.7209,3,233,17.9,394.46,7.44,24.7,0.14786812872457536,0.0,1.7441261356719917,2.0068708488450007,3.2068032436339315
0.12269,0.0,6.91,0,0.448,6.069,40.0,5.7209,3,233,17.9,389.39,9.55,21.2,0.11572759134397041,0.0,1.7441261356719917,2.256541154492639,3.054001181677967
0.17142,0.0,6.91,0,0.448,5.682,33.8,5.1004,3,233,17.9,396.9,10.21,19.3,0.15821668811495349,0.0,1.6293189680272497,2.3233676321765744,2.9601050959108397
0.18836,0.0,6.91,0,0.448,5.786,33.3,5.1004,3,233,17.9,396.9,14.15,20.0,0.17257420533907458,0.0,1.6293189680272497,2.649714624089247,2.995732273553991
0.22927,0.0,6.91,0,0.448,6.03,85.5,5.6894,3,233,17.9,392.74,18.8,16.6,0.20642049726093953,0.0,1.7386047944235348,2.9338568698359038,2.8094026953624978
0.25387,0.0,6.91,0,0.448,5.399,95.3,5.87,3,233,17.9,396.9,30.81,14.4,0.2262347685752403,0.0,1.7698546338400052,3.4278393126085764,2.667228206581955
0.21977,0.0,6.91,0,0.448,5.602,62.0,6.0877,3,233,17.9,396.9,16.2,19.4,0.1986623163820069,0.0,1.806270342078466,2.785011242238338,2.9652730660692823
0.08873,21.0,5.64,0,0.439,5.963,45.7,6.8147,4,243,16.8,395.56,13.45,19.7,0.0850118793258392,3.091042453358316,1.9190820436366434,2.598979106047848,2.9806186357439426
0.04337,21.0,5.64,0,0.439,6.115,63.0,6.8147,4,243,16.8,393.97,9.43,20.5,0.042455859036392395,3.091042453358316,1.9190820436366434,2.2438960966453663,3.0204248861443626
0.0536,21.0,5.64,0,0.439,6.511,21.1,6.8147,4,243,16.8,396.9,5.28,25.0,0.052212871446934234,3.091042453358316,1.9190820436366434,1.6639260977181702,3.2188758248682006
0.04981,21.0,5.64,0,0.439,5.998,21.4,6.8147,4,243,16.8,396.9,8.43,23.4,0.04860919541462225,3.091042453358316,1.9190820436366434,2.131796772013764,3.152736022363656
0.0136,75.0,4.0,0,0.41,5.888,47.6,7.3197,3,469,21.1,396.9,14.8,18.9,0.013508350024792243,4.330733340286331,1.990569343526812,2.6946271807700692,2.9391619220655967
0.01311,90.0,1.22,0,0.403,7.249,21.9,8.6966,5,226,17.9,395.93,4.81,35.4,0.013024807722689456,4.51085950651685,2.162932144678819,1.5706970841176697,3.5667118201397288
0.02055,85.0,0.74,0,0.41,6.383,35.7,9.1876,2,313,17.3,396.9,5.77,24.7,0.020341697657914562,4.454347296253507,2.2178547488334623,1.7526720805200082,3.2068032436339315
0.01432,100.0,1.32,0,0.411,6.816,40.5,8.3248,5,256,15.1,392.9,3.95,31.6,0.0142184372375555,4.61512051684126,2.119239011553902,1.3737155789130306,3.4531571205928664
0.15445,25.0,5.13,0,0.453,6.145,29.2,7.8148,8,284,19.7,390.68,6.86,23.3,0.1436240400828755,3.258096538021482,2.0560193717353434,1.925707441737794,3.1484533605716547
0.10328,25.0,5.13,0,0.453,5.927,47.2,6.932,8,284,19.7,396.9,9.22,19.6,0.09828756118394519,3.258096538021482,1.9361483718533596,2.2213750375685026,2.975529566236472
0.14932,25.0,5.13,0,0.453,5.741,66.2,7.2254,8,284,19.7,395.11,13.15,18.7,0.13917046313797143,3.258096538021482,1.977602595787803,2.5764217586237734,2.928523523860541
0.17171,25.0,5.13,0,0.453,5.966,93.4,6.8185,8,284,19.7,378.08,14.44,16.0,0.15846422026338805,3.258096538021482,1.9196395063157516,2.67000213346468,2.772588722239781
0.11027,25.0,5.13,0,0.453,6.456,67.8,7.2255,8,284,19.7,396.9,6.73,22.2,0.1046032289886448,3.258096538021482,1.9776164357562482,1.9065751436566365,3.100092288878234
0.1265,25.0,5.13,0,0.453,,43.4,7.9809,8,284,19.7,395.58,9.5,25.0,0.11911548089016208,3.258096538021482,2.077051187057198,2.2512917986064953,3.2188758248682006
0.01951,17.5,1.38,0,0.4161,7.104,59.5,9.2229,3,216,18.6,393.24,8.05,33.0,0.019322119714037033,2.917770732084279,2.221689521735732,2.0856720914304723,3.4965075614664802
0.03584,80.0,3.37,0,0.398,6.29,17.8,6.6115,4,337,16.1,396.9,4.67,23.5,0.03521269175574247,4.394449154672439,1.8888105570147407,1.541159071680806,3.1570004211501135
0.04379,80.0,3.37,0,0.398,5.787,31.1,6.6115,4,337,16.1,396.9,10.24,19.4,0.042858319801900656,4.394449154672439,1.8888105570147407,2.3263016196113617,2.9652730660692823
0.05789,12.5,6.07,0,0.409,5.878,21.4,6.498,4,345,18.9,396.21,8.1,22.0,0.05627635827662477,2.6026896854443837,1.8714944372469087,2.0918640616783932,3.091042453358316
0.13554,12.5,6.07,0,0.409,5.594,36.8,6.498,4,345,18.9,396.9,13.09,17.4,0.1271083087153749,2.6026896854443837,1.8714944372469087,2.5718485799218085,2.856470206220483
0.12816,12.5,6.07,0,0.409,5.885,33.0,6.498,4,345,18.9,396.9,8.79,20.9,0.1205879869885934,2.6026896854443837,1.8714944372469087,2.1736147116970854,3.039749158970765
0.08826,0.0,10.81,0,0.413,6.417,6.6,5.2873,4,305,19.2,383.73,6.72,24.2,0.08458009047306331,0.0,1.665307718597909,1.9050881545350582,3.186352633162641
0.15876,0.0,10.81,0,0.413,5.961,17.5,5.2873,4,305,19.2,376.94,9.88,21.7,0.14735046784990224,0.0,1.665307718597909,2.2905125117597764,3.077312260546414
0.09164,0.0,10.81,0,0.413,6.065,7.8,5.2873,4,305,19.2,390.91,5.52,22.8,0.08768115263983375,0.0,1.665307718597909,1.7083778602890038,3.126760535960395
0.19539,0.0,10.81,0,0.413,6.245,6.2,5.2873,4,305,19.2,377.17,7.54,23.4,0.1784724919723239,0.0,1.665307718597909,2.020222182019865,3.152736022363656
0.07896,0.0,12.83,0,0.437,6.273,6.0,4.2515,5,398,18.7,394.92,6.78,24.1,0.0759976142264651,0.0,1.4472718618437102,1.9139771019523042,3.1822118404966093
0.09512,0.0,12.83,0,0.437,6.286,45.0,4.5026,5,398,18.7,383.23,8.94,21.4,0.09086394630511974,0.0,1.5046550077047365,2.190535589185423,3.0633909220278057
0.10153,0.0,12.83,0,0.437,6.279,74.5,4.0522,5,398,18.7,373.66,11.97,20.0,0.09670012247721364,0.0,1.3992599435099138,2.482403519569882,2.995732273553991
0.08707,0.0,12.83,0,0.437,6.14,45.8,4.0905,5,398,18.7,386.96,10.27,20.8,0.08348600348975033,0.0,1.4086672119716157,2.329227023940467,3.0349529867072724
0.05646,0.0,12.83,0,0.437,6.232,53.7,5.0141,5,398,18.7,386.4,12.34,21.2,0.054923696495899246,0.0,1.6122539436935819,2.5128460184772416,3.054001181677967
0.08387,0.0,12.83,0,0.437,5.874,36.6,4.5026,5,398,18.7,396.06,9.1,20.3,0.08053796962647085,0.0,1.5046550077047365,2.2082744135228043,3.0106208860477417
0.04113,25.0,4.86,0,0.426,6.727,33.5,5.4007,4,281,19.0,396.9,5.29,28.0,0.04030666175913415,3.258096538021482,1.6865285747986638,1.665818245870208,3.332204510175204
0.04462,25.0,4.86,0,0.426,6.619,70.4,5.4007,4,281,19.0,395.63,7.22,23.9,0.043653182921403064,3.258096538021482,1.6865285747986638,1.9768549529047348,3.173878458937465
0.03659,25.0,4.86,0,0.426,6.302,32.2,5.4007,4,281,19.0,396.9,6.72,24.8,0.03593647980430558,3.258096538021482,1.6865285747986638,1.9050881545350582,3.2108436531709366
0.03551,25.0,4.86,0,0.426,6.167,46.7,5.4007,4,281,19.0,390.64,7.51,22.9,0.03489405897732069,3.258096538021482,1.6865285747986638,2.0162354657760435,3.131136910560194
0.05059,0.0,4.49,0,0.449,6.389,48.0,4.7794,3,247,18.5,396.9,9.62,23.9,0.04935191112196916,0.0,1.5643150156121397,2.263844264677615,3.173878458937465
0.05735,0.0,4.49,0,0.449,6.63,56.1,4.4377,3,247,18.5,392.3,6.53,26.6,0.055765777905857246,0.0,1.4901362242084286,1.8764069432883397,3.2809112157876537
0.05188,0.0,4.49,0,0.449,6.015,45.1,4.4272,3,247,18.5,395.99,12.86,22.5,0.050579039368154076,0.0,1.4877673300505243,2.554121718809473,3.1135153092103742
0.07151,0.0,4.49,0,0.449,6.121,56.8,3.7476,3,247,18.5,395.15,8.44,22.2,0.06906886859909778,0.0,1.321115635094896,2.1329823086078656,3.100092288878234
0.0566,0.0,3.41,0,0.489,7.007,86.3,3.4217,2,270,17.8,396.9,5.5,23.6,0.0550562057480784,0.0,1.2301375035965438,1.7047480922384253,3.1612467120315646
0.05302,0.0,3.41,0,0.489,7.079,63.1,3.4145,2,270,17.8,396.06,5.7,28.7,0.0516622263237937,0.0,1.2280310694190069,1.7404661748405046,3.3568971227655755
0.04684,0.0,3.41,0,0.489,6.417,66.1,3.0923,2,270,17.8,392.18,8.81,22.6,0.0457761026365836,0.0,1.1289151505981556,2.175887439948088,3.1179499062782403
0.03932,0.0,3.41,0,0.489,6.405,73.9,3.0921,2,270,17.8,393.55,8.2,22.0,0.038566653148816674,0.0,1.1288504717287196,2.1041341542702074,3.091042453358316
0.04203,28.0,15.04,0,0.464,6.442,53.6,3.6659,4,270,18.2,395.01,8.16,22.9,0.0411707337036766,3.367295829986474,1.2990738713586183,2.0992441689760155,3.131136910560194
0.02875,28.0,15.04,0,0.464,6.211,28.9,3.6659,4,270,18.2,396.33,6.21,25.0,0.028344473009142515,3.367295829986474,1.2990738713586183,1.8261608959453874,3.2188758248682006
0.04294,28.0,15.04,0,0.464,6.249,77.3,3.615,4,270,18.2,396.9,10.59,20.6,0.042043647997679325,3.367295829986474,1.285091855610728,2.359910159613315,3.0252910757955354
0.12204,0.0,2.89,0,0.445,6.625,57.8,3.4952,2,276,18.0,357.98,6.65,28.4,0.1151484570889221,0.0,1.251390598655089,1.8946168546677629,3.3463891451671604
0.11504,0.0,2.89,0,0.445,,69.6,3.4952,2,276,18.0,391.83,11.34,21.4,0.10889027870807165,0.0,1.251390598655089,2.428336298299606,3.0633909220278057
0.12083,0.0,2.89,0,0.445,8.069,76.0,3.4952,2,276,18.0,396.9,4.21,38.7,0.11406948227773037,0.0,1.251390598655089,1.43746264769429,3.655839600035736
0.08187,0.0,2.89,0,0.445,7.82,36.9,3.4952,2,276,18.0,393.53,3.57,43.8,0.0786910253316489,0.0,1.251390598655089,1.2725655957915476,3.7796338173824005
0.0686,0.0,2.89,0,0.445,7.416,62.5,3.4952,2,276,18.0,396.9,6.19,33.2,0.06634938054153391,0.0,1.251390598655089,1.8229350866965048,3.502549875922443
0.14866,0.0,8.56,0,0.52,6.727,79.9,2.7778,5,384,20.9,394.76,9.42,27.5,0.13859604559025773,0.0,1.0216592474999815,2.2428350885882717,3.3141860046725258
0.11432,0.0,8.56,0,0.52,6.781,71.3,2.8561,5,384,20.9,395.58,7.67,26.5,0.10824435339763891,0.0,1.0494570578699642,2.0373166153791646,3.2771447329921766
0.22876,0.0,8.56,0,0.52,6.405,85.4,2.7147,5,384,20.9,70.8,10.63,18.6,0.20600553079810677,0.0,0.9986814500430602,2.363680192353857,2.9231615807191558
0.21161,0.0,8.56,0,0.52,6.137,87.4,2.7147,5,384,20.9,394.47,13.44,19.3,0.19195005368591092,0.0,0.9986814500430602,2.5982353350950036,2.9601050959108397
0.1396,0.0,8.56,0,0.52,6.167,90.0,2.421,5,384,20.9,392.69,12.33,20.1,0.1306773236416162,0.0,0.8841806779559214,2.512035317176253,3.0007198150650303
0.13262,0.0,8.56,0,0.52,5.851,96.7,2.1069,5,384,20.9,394.05,16.47,19.5,0.12453353302656034,0.0,0.7452176728509474,2.8015405441895487,2.970414465569701
0.1712,0.0,8.56,0,0.52,5.836,91.9,2.211,5,384,20.9,395.67,18.66,19.5,0.15802886422491005,0.0,0.7934449018753091,2.926382195419198,2.970414465569701
0.13117,0.0,8.56,0,0.52,6.127,85.2,2.1224,5,384,20.9,387.69,14.09,20.4,0.12325249529930257,0.0,0.7525475238413928,2.645465325910589,3.0155349008501706
0.12802,0.0,8.56,0,0.52,6.474,97.1,2.4329,5,384,20.9,395.24,12.27,19.8,0.12046388341513765,0.0,0.8890839614359387,2.50715725872282,2.9856819377004897
0.26363,0.0,8.56,0,0.52,6.229,91.2,2.5451,5,384,20.9,391.23,15.55,19.4,0.23398853135437195,0.0,0.9341699419613918,2.744060638625243,2.9652730660692823
0.10793,0.0,8.56,0,0.52,6.195,54.4,2.7778,5,384,20.9,393.49,13.0,21.7,0.1024934094340411,0.0,1.0216592474999815,2.5649493574615367,3.077312260546414
0.10084,0.0,10.01,0,0.547,6.715,81.6,2.6775,6,432,17.8,395.59,10.16,22.8,0.09607352474606409,0.0,0.9848835233397668,2.318458442150336,3.126760535960395
0.12329,0.0,10.01,0,0.547,5.913,92.9,2.3534,6,432,17.8,394.95,16.21,18.8,0.11626187928444467,0.0,0.8558610910476916,2.785628335747585,2.9338568698359038
0.22212,0.0,10.01,0,0.547,6.092,95.4,2.548,6,432,17.8,396.9,17.09,18.7,0.20058705560079912,0.0,0.935308737709917,2.8384934971274993,2.928523523860541
0.14231,0.0,10.01,0,0.547,6.254,84.2,2.2565,6,432,17.8,388.74,10.45,18.5,0.13305252798715148,0.0,0.8138149402849189,2.34660197841082,2.917770732084279
0.17134,0.0,10.01,0,0.547,5.928,88.2,2.4631,6,432,17.8,344.91,15.76,18.3,0.15814839260023486,0.0,0.9014207192074265,2.757475084429733,2.9069010598473755
0.13158,0.0,10.01,0,0.547,6.176,72.5,2.7301,6,432,17.8,393.3,12.04,21.2,0.12361488619930212,0.0,1.0043382385626352,2.488234439880675,3.054001181677967
0.15098,0.0,10.01,0,0.547,6.021,82.6,2.7474,6,432,17.8,394.51,10.3,19.2,0.1406137533941644,0.0,1.0106550099089677,2.33214389523559,2.954910279033736
0.13058,0.0,10.01,0,0.547,5.872,73.1,2.4775,6,432,17.8,338.63,15.37,20.4,0.12273077538031704,0.0,0.907249987222006,2.7324175575505043,3.0155349008501706
0.14476,0.0,10.01,0,0.547,5.731,65.2,2.7592,6,432,17.8,391.5,13.61,19.3,0.13519500804868875,0.0,1.0149407826404941,2.6108048166633746,2.9601050959108397
0.06899,0.0,25.65,0,0.581,5.87,69.7,2.2577,2,188,19.1,389.15,14.37,22.0,0.06671427746220379,0.0,0.8143465959617898,2.6651427000909336,3.091042453358316
0.07165,0.0,25.65,0,0.581,6.004,84.1,2.1974,2,188,19.1,377.67,14.27,20.3,0.06919951680100443,0.0,0.7872748432846436,2.658159431488745,3.0106208860477417
0.09299,0.0,25.65,0,0.581,5.961,92.9,2.0869,2,188,19.1,378.09,17.93,20.5,0.08891706002171539,0.0,0.7356797112786478,2.8864752876170416,3.0204248861443626
0.15038,0.0,25.65,0,0.581,5.856,97.0,1.9444,2,188,19.1,370.31,25.41,17.3,0.14009232257621806,0.0,0.6649534461891633,3.2351427973320726,2.8507065015037334
0.09849,0.0,25.65,0,0.581,5.879,95.8,2.0063,2,188,19.1,379.38,17.58,18.8,0.09393650947837956,0.0,0.6962922297040182,2.866761892257031,2.9338568698359038
0.16902,0.0,25.65,0,0.581,5.986,88.4,1.9929,2,188,19.1,385.02,14.81,21.4,0.15616579098344338,0.0,0.6895908643571681,2.6953026282797072,3.0633909220278057
0.38735,0.0,25.65,0,0.581,5.613,95.6,1.7572,2,188,19.1,359.29,27.26,15.7,0.3273954526862417,0.0,0.5637216331194875,3.3054204262683866,2.7536607123542622
0.25915,0.0,21.89,0,0.624,5.693,96.0,1.7883,4,437,21.2,392.11,17.19,16.2,0.23043689014167512,0.0,0.5812654479118535,2.844327819394758,2.785011242238338
0.32543,0.0,21.89,0,0.624,6.431,98.8,1.8125,4,437,21.2,396.9,15.39,18.0,0.28173693509215314,0.0,0.5947071077466928,2.733717947850788,2.8903717578961645
0.88125,0.0,21.89,0,0.624,5.637,94.7,1.9799,4,437,21.2,396.9,18.34,14.3,0.6319364495150488,0.0,0.6830463383805158,2.9090844668283187,2.6602595372658615
0.34006,0.0,21.89,0,0.624,6.458,98.9,2.1185,4,437,21.2,395.04,12.6,19.2,0.29271438907980246,0.0,0.7507082910844769,2.533696813957432,2.954910279033736
1.19294,0.0,21.89,0,0.624,6.326,97.7,2.271,4,437,21.2,396.9,12.26,19.6,0.7852431092803437,0.0,0.8202202631234213,2.506341930508065,2.975529566236472
0.59005,0.0,21.89,0,0.624,6.372,97.9,2.3274,4,437,21.2,385.76,11.12,23.0,0.4637654622785885,0.0,0.8447517646918394,2.4087452888224363,3.1354942159291497
0.32982,0.0,21.89,0,0.624,5.822,95.4,2.4699,4,437,21.2,388.69,15.03,18.4,0.2850435947287374,0.0,0.9041776639903529,2.710048203764883,2.91235066461494
0.97617,0.0,21.89,0,0.624,5.757,98.4,2.346,4,437,21.2,262.76,17.31,15.6,0.6811606280137663,0.0,0.8527117502312838,2.851284369188118,2.747270914255491
0.55778,0.0,21.89,0,0.624,,98.2,2.1107,4,437,21.2,394.67,16.96,18.1,0.44326173080273074,0.0,0.747019646024435,2.830857630363757,2.89591193827178
0.32264,0.0,21.89,0,0.624,5.942,93.5,1.9669,4,437,21.2,378.25,16.9,17.4,0.2796297392609525,0.0,0.6764586992737099,2.8273136219290276,2.856470206220483
0.35233,0.0,21.89,0,0.624,6.454,98.4,1.8498,4,437,21.2,394.08,14.59,17.1,0.3018290306776389,0.0,0.6150775251380227,2.6803363625346943,2.8390784635086144
0.2498,0.0,21.89,0,0.624,5.857,98.2,1.6686,4,437,21.2,392.04,21.32,13.3,0.22298353851284425,0.0,0.5119849514858371,3.0596455992976437,2.5877640352277083
0.54452,0.0,21.89,0,0.624,6.151,97.9,1.6687,4,437,21.2,396.9,18.46,17.8,0.43471318246714963,0.0,0.5120448801707201,2.9156062290747062,2.8791984572980396
0.2909,0.0,21.89,0,0.624,6.174,93.6,1.6119,4,437,21.2,388.08,24.16,14.0,0.25533964953052657,0.0,0.4774136074207485,3.184698373066614,2.6390573296152584
1.62864,0.0,21.89,0,0.624,5.019,100.0,1.4394,4,437,21.2,396.9,34.41,14.4,0.9664666021758896,0.0,0.36422636009156684,3.538347219809389,2.667228206581955
3.32105,0.0,19.58,1,0.871,5.403,100.0,1.3216,5,403,14.7,396.9,26.82,13.4,1.4634984282783583,0.0,0.27884312378457665,3.2891478778535324,2.5952547069568657
4.0974,0.0,19.58,0,0.871,5.468,100.0,1.4118,5,403,14.7,396.9,26.42,15.6,1.6287306058145095,0.0,0.3448654859792347,3.2741212990941793,2.747270914255491
2.77974,0.0,19.58,0,0.871,4.903,97.8,1.3459,5,403,14.7,396.9,29.29,11.8,1.3296552241970494,0.0,0.297062934257533,3.377246160839642,2.468099531471619
2.37934,0.0,19.58,0,0.871,6.13,100.0,1.4191,5,403,14.7,172.91,27.8,13.8,1.2176804241557975,0.0,0.3500228678583548,3.3250360206965914,2.624668592163159
2.15505,0.0,19.58,0,0.871,5.628,100.0,1.5166,5,403,14.7,169.27,16.65,15.6,1.1490043437281394,0.0,0.41647098728469806,2.8124102164264526,2.747270914255491
2.36862,0.0,19.58,0,0.871,4.926,95.7,1.4608,5,403,14.7,391.71,29.53,14.6,1.2145031649491105,0.0,0.37898423085856703,3.3854066957558313,2.681021528714291
2.33099,0.0,19.58,0,0.871,5.186,93.8,1.5296,5,403,14.7,356.99,28.32,17.8,1.2032695571055652,0.0,0.42500626331499985,3.343568268825519,2.8791984572980396
2.73397,0.0,19.58,0,0.871,5.597,94.9,1.5257,5,403,14.7,351.85,21.45,15.4,1.317472010807663,0.0,0.42245332113701944,3.065724645374026,2.7343675094195836
1.6566,0.0,19.58,0,0.871,6.122,97.3,1.618,5,403,14.7,372.8,14.1,21.5,0.9770471097162658,0.0,0.48119081863630003,2.6461747973841225,3.068052935133617
1.49632,0.0,19.58,0,0.871,5.404,100.0,1.5916,5,403,14.7,341.6,13.28,19.6,0.9148176474178114,0.0,0.46473979957063644,2.5862591440482876,2.975529566236472
1.12658,0.0,19.58,1,0.871,5.012,88.0,1.6102,5,403,14.7,343.28,12.12,15.3,0.754515055507092,0.0,0.4763583948837434,2.4948569806411682,2.72785282839839
2.14918,0.0,19.58,0,0.871,5.709,98.5,1.6232,5,403,14.7,261.95,15.79,19.4,1.1471421014887528,0.0,0.4843995095294679,2.7593768282675506,2.9652730660692823
1.41385,0.0,19.58,1,0.871,6.129,96.0,1.7494,5,403,14.7,321.02,15.12,17.0,0.8812229832136547,0.0,0.5592728720036175,2.716018370751387,2.833213344056216
3.53501,0.0,19.58,1,0.871,6.152,82.6,1.7455,5,403,14.7,88.01,15.02,15.6,1.5118272886363338,0.0,0.5570410475629537,2.7093826463359885,2.747270914255491
2.44668,0.0,19.58,0,0.871,5.272,94.0,1.7364,5,403,14.7,88.63,16.14,13.1,1.2374114488766446,0.0,0.5518140044433014,2.7813006628418027,2.5726122302071057
1.22358,0.0,19.58,0,0.605,6.943,97.4,1.8773,5,403,14.7,363.43,4.59,41.3,0.7991185096332698,0.0,0.6298345743481794,1.5238800240724537,3.720862499966987
1.34284,0.0,19.58,0,0.605,6.066,100.0,1.7573,5,403,14.7,353.89,6.43,24.3,0.8513638686748988,0.0,0.5637785402186635,1.860974538249528,3.190476350346503
1.42502,0.0,19.58,0,0.871,6.51,100.0,1.7659,5,403,14.7,364.31,7.39,23.3,0.8858397717781171,0.0,0.5686604754369415,2.0001277349601105,3.1484533605716547
1.27346,0.0,19.58,1,0.605,6.25,92.6,1.7984,5,403,14.7,338.92,5.5,27.0,0.8213029001101178,0.0,0.5868973807172349,1.7047480922384253,3.295836866004329
1.46336,0.0,19.58,0,0.605,7.489,90.8,1.9709,5,403,14.7,374.43,1.73,50.0,0.9015262716731895,0.0,0.6784902912163117,0.5481214085096876,3.912023005428146
1.83377,0.0,19.58,1,0.605,7.802,98.2,2.0407,5,403,14.7,389.61,1.92,50.0,1.0416079806003153,0.0,0.7132928862529031,0.6523251860396901,3.912023005428146
1.51902,0.0,19.58,1,0.605,8.375,93.9,2.162,5,403,14.7,388.45,3.32,50.0,0.9238699369975489,0.0,0.7710337192170165,1.199964782928397,3.912023005428146
2.24236,0.0,19.58,0,0.605,5.854,91.8,2.422,5,403,14.7,395.11,11.64,22.7,1.176301459715032,0.0,0.8845936451309006,2.454447442303292,3.122364924487357
2.924,0.0,19.58,0,0.605,6.101,93.0,2.2834,5,403,14.7,240.16,9.81,25.0,1.3671115417031166,0.0,0.8256655602600897,2.2834022735772717,3.2188758248682006
2.01019,0.0,19.58,0,0.605,7.929,96.2,2.0459,5,403,14.7,369.3,3.7,50.0,1.1020031996922046,0.0,0.7158377904796438,1.308332819650179,3.912023005428146
1.80028,0.0,19.58,0,0.605,5.877,79.2,2.4259,5,403,14.7,227.61,12.14,23.8,1.0297194121814917,0.0,0.8862025895568697,2.4965057856313524,3.169685580677429
2.3004,0.0,19.58,0,0.605,6.319,96.1,2.1,5,403,14.7,297.09,11.1,23.8,1.194043673248051,0.0,0.7419373447293773,2.4069451083182885,3.169685580677429
2.44953,0.0,19.58,0,0.605,6.402,95.2,2.2625,5,403,14.7,330.04,11.32,22.3,1.2382379898788045,0.0,0.8164703965919442,2.4265710727750367,3.104586678466073
1.20742,0.0,19.58,0,0.605,5.875,94.6,2.4259,5,403,14.7,292.29,14.43,17.4,0.7918244127486899,0.0,0.8862025895568697,2.6693093727857793,2.856470206220483
2.3139,0.0,19.58,0,0.605,5.88,97.3,2.3887,5,403,14.7,348.13,12.03,19.1,1.1981257435340087,0.0,0.870749284903777,2.4874035299865875,2.9496883350525844
0.13914,0.0,4.05,0,0.51,5.572,88.5,2.5961,5,296,16.6,396.9,14.69,23.1,0.13027359174921221,0.0,0.9540103189011692,2.6871669901857858,3.139832617527748
0.09178,0.0,4.05,0,0.51,6.416,84.1,2.6463,5,296,16.6,395.5,9.04,23.6,0.08780939182440828,0.0,0.9731624379506939,2.201659174404085,3.1612467120315646
0.08447,0.0,4.05,0,0.51,5.859,68.7,2.7019,5,296,16.6,393.23,9.64,22.6,0.08109138838488845,0.0,0.9939552292306324,2.265921108622454,3.1179499062782403
0.06664,0.0,4.05,0,0.51,6.546,33.1,3.1323,5,296,16.6,390.96,5.33,29.4,0.06451352082506596,0.0,1.1417675589820373,1.673351238177753,3.380994674344636
0.07022,0.0,4.05,0,0.51,6.02,47.2,3.5549,5,296,16.6,393.23,10.11,23.2,0.06786423481612996,0.0,1.2683269334643472,2.3135250330323798,3.1441522786722644
0.05425,0.0,4.05,0,0.51,6.315,73.4,3.3175,5,296,16.6,395.6,6.29,24.6,0.05282961364453219,0.0,1.1992114872242254,1.8389610707123492,3.202746442938317
0.06642,0.0,4.05,0,0.51,6.86,74.4,2.9153,5,296,16.6,391.27,6.92,29.9,0.06430724439516707,0.0,1.0699727304589448,1.9344157696295783,3.3978584803966405
0.0578,0.0,2.46,0,0.488,6.98,58.4,2.829,3,193,17.8,396.9,5.04,37.2,0.05619127964974249,0.0,1.0399232923194301,1.6174060820832772,3.616308761279101
0.06588,0.0,2.46,0,0.488,7.765,83.3,2.741,3,193,17.8,395.56,7.56,39.8,0.06380074905066188,0.0,1.0083228173206489,2.0228711901914416,3.6838669122903918
0.06888,0.0,2.46,0,0.488,6.144,62.2,2.5979,3,193,17.8,396.9,9.45,36.2,0.06661137129850155,0.0,0.9547034263605685,2.2460147415056513,3.5890591188317256
0.09103,0.0,2.46,0,0.488,7.155,92.2,2.7006,3,193,17.8,394.12,4.82,37.9,0.087122204181403,0.0,0.993473970544805,1.572773928062509,3.634951112088381
0.10008,0.0,2.46,0,0.488,6.563,95.6,2.847,3,193,17.8,396.9,5.68,32.5,0.09538290443255225,0.0,1.0462658082959004,1.7369512327330598,3.481240089335692
0.08308,0.0,2.46,0,0.488,5.604,89.8,2.9879,3,193,17.8,391.0,13.98,26.4,0.07980883417341514,0.0,1.0945707995083895,2.637627736805664,3.2733640101522705
0.06047,0.0,2.46,0,0.488,6.153,68.8,3.2797,3,193,17.8,387.11,13.15,29.6,0.058712206079331676,0.0,1.187751954798385,2.5764217586237734,3.3877743613300146
0.05602,0.0,2.46,0,0.488,7.831,53.6,3.1992,3,193,17.8,392.63,4.45,50.0,0.05450712449866107,0.0,1.1629007785504715,1.4929040961781488,3.912023005428146
0.07875,45.0,3.44,0,0.437,6.782,41.1,3.7886,5,398,15.2,393.87,6.68,32.0,0.07580296341550065,3.828641396489095,1.3319965577120414,1.8991179875485542,3.4657359027997265
0.12579,45.0,3.44,0,0.437,6.556,29.1,4.5667,5,398,15.2,382.84,4.56,29.8,0.11848501143594592,3.828641396489095,1.518790843409403,1.5173226235262947,3.3945083935113587
0.0837,45.0,3.44,0,0.437,7.185,38.9,4.5667,5,398,15.2,396.9,5.39,34.9,0.08038111194681247,3.828641396489095,1.518790843409403,1.6845453849209058,3.5524868292083815
0.09068,45.0,3.44,0,0.437,6.951,21.5,6.4798,5,398,15.2,377.68,5.1,37.0,0.08680135493654227,3.828641396489095,1.8686896456903432,1.62924053973028,3.6109179126442243
0.06911,45.0,3.44,0,0.437,6.739,30.8,6.4798,5,398,15.2,389.71,4.69,30.5,0.06682652665553059,3.828641396489095,1.8686896456903432,1.545432582458188,3.417726683613366
0.08664,45.0,3.44,0,0.437,7.178,26.3,6.4798,5,398,15.2,390.49,2.87,36.4,0.08309036653209825,3.828641396489095,1.8686896456903432,1.0543120297715298,3.594568774642695
0.02187,60.0,2.93,0,0.401,6.8,9.9,6.2196,1,265,15.6,393.37,5.03,31.1,0.021634282125149704,4.110873864173311,1.827705596001524,1.6154199841116479,3.4372078191851885
0.01439,60.0,2.93,0,0.401,6.604,18.8,6.2196,1,265,15.6,376.7,4.38,29.1,0.01428744660806955,4.110873864173311,1.827705596001524,1.4770487243883548,3.370738174177447
0.01381,80.0,0.46,0,0.422,7.875,32.0,5.6484,4,255,14.4,394.23,2.97,50.0,0.01371551088594122,4.394449154672439,1.7313723192129598,1.0885619528146082,3.912023005428146
0.04011,80.0,1.52,0,0.404,7.287,34.1,7.309,2,329,12.6,396.9,4.08,33.3,0.039326476790879826,4.394449154672439,1.9891064654982547,1.4060969884160703,3.505557396986398
0.04666,80.0,1.52,0,0.404,7.107,36.6,7.309,2,329,12.6,354.31,8.61,30.3,0.04560414180501583,4.394449154672439,1.9891064654982547,2.152924318439639,3.4111477125153233
0.03768,80.0,1.52,0,0.404,7.274,38.3,7.309,2,329,12.6,392.2,6.62,34.6,0.03698745205028059,4.394449154672439,1.9891064654982547,1.890095369948917,3.543853682063679
0.0315,95.0,1.47,0,0.403,6.975,15.3,7.6534,3,402,17.0,396.9,4.56,34.9,0.03101405352916946,4.564348191467836,2.035149993546711,1.5173226235262947,3.5524868292083815
0.01778,95.0,1.47,0,0.403,7.135,13.9,7.6534,3,402,17.0,384.3,4.45,32.9,0.017623784753549428,4.564348191467836,2.035149993546711,1.4929040961781488,3.493472657771326
0.03445,82.5,2.03,0,0.415,6.162,38.4,6.27,2,348,14.7,393.77,7.43,24.1,0.03386988450761521,4.42484663185681,1.8357763546448294,2.005525858729668,3.1822118404966093
0.02177,82.5,2.03,0,0.415,7.61,15.7,6.27,2,348,14.7,395.38,3.11,42.3,0.021536417530524612,4.42484663185681,1.8357763546448294,1.1346227261911428,3.744787086052232
0.0351,95.0,2.68,0,0.4161,7.853,33.2,5.118,4,224,14.7,392.78,3.81,48.5,0.03449804040756744,4.564348191467836,1.6327637377375972,1.3376291891386096,3.8815637979434374
0.02009,95.0,2.68,0,0.4161,8.034,31.9,5.118,4,224,14.7,390.55,2.88,50.0,0.019890858697792765,4.564348191467836,1.6327637377375972,1.0577902941478545,3.912023005428146
0.13642,0.0,10.59,0,0.489,5.891,22.3,3.9454,4,277,18.6,396.9,10.87,22.6,0.12788297027984558,0.0,1.3725503433276314,2.386006701133118,3.1179499062782403
0.22969,0.0,10.59,0,0.489,6.326,52.5,4.3549,4,277,18.6,394.87,10.97,24.4,0.20676210509846787,0.0,1.4713016479283183,2.395164274287139,3.1945831322991562
0.25199,0.0,10.59,0,0.489,5.783,72.7,4.3549,4,277,18.6,389.43,18.06,22.5,0.22473428542556148,0.0,1.4713016479283183,2.8936995479888394,3.1135153092103742
0.13587,0.0,10.59,1,0.489,6.064,59.1,4.2392,4,277,18.6,381.32,14.66,24.4,0.12739887713087172,0.0,1.4443745721964154,2.6851226964585053,3.1945831322991562
0.43571,0.0,10.59,1,0.489,5.344,100.0,3.875,4,277,18.6,396.9,23.09,20.0,0.3616595003706892,0.0,1.3545456628053103,3.139399623366404,2.995732273553991
0.17446,0.0,10.59,1,0.489,5.96,92.1,3.8771,4,277,18.6,393.25,17.27,21.7,0.1608084674913248,0.0,1.3550874514951798,2.848970892158587,3.077312260546414
0.37578,0.0,10.59,1,0.489,5.404,88.6,3.665,4,277,18.6,395.24,23.98,19.3,0.31902084300745703,0.0,1.2988283353386147,3.177220149599368,2.9601050959108397
0.21719,0.0,10.59,1,0.489,5.807,53.8,3.6526,4,277,18.6,390.94,16.03,22.4,0.19654492343019744,0.0,1.2954392427758044,2.7744619666214616,3.109060958860994
0.14052,0.0,10.59,0,0.489,6.375,32.3,3.9454,4,277,18.6,385.81,9.38,28.1,0.1314842987568961,0.0,1.3725503433276314,2.238579763018133,3.3357695763397
0.28955,0.0,10.59,0,0.489,5.412,9.8,3.5875,4,277,18.6,348.93,29.55,23.7,0.2542933203064257,0.0,1.2774555810857395,3.386083743852107,3.1654750481410856
0.19802,0.0,10.59,0,0.489,6.182,42.4,3.9454,4,277,18.6,393.63,9.47,25.0,0.18067019404472417,0.0,1.3725503433276314,2.248128907197987,3.2188758248682006
0.0456,0.0,13.89,1,0.55,5.888,56.0,3.1121,5,276,16.4,392.8,13.51,23.3,0.04459088332787514,0.0,1.1352977394759622,2.6034301519721073,3.1484533605716547
0.07013,0.0,13.89,0,0.55,6.642,85.1,3.4211,5,276,16.4,392.78,9.69,28.7,0.0677801364209581,0.0,1.2299621367871858,2.2710944259026746,3.3568971227655755
0.11069,0.0,13.89,1,0.55,5.951,93.8,2.8893,5,276,16.4,396.9,17.92,21.5,0.10498144381917449,0.0,1.0610142582527913,2.8859174075467844,3.068052935133617
0.11425,0.0,13.89,1,0.55,6.373,92.4,3.3633,5,276,16.4,393.74,10.5,23.0,0.10818153284452815,0.0,1.2129226348455207,2.3513752571634776,3.1354942159291497
0.35809,0.0,6.2,1,0.507,6.951,88.5,2.8617,8,307,17.4,391.7,9.71,26.7,0.3060793008727377,0.0,1.051415853837135,2.2731562823032334,3.2846635654062037
0.40771,0.0,6.2,1,0.507,6.164,91.3,3.048,8,307,17.4,395.24,21.46,21.7,0.34196427061286894,0.0,1.1144856378244,3.0661907372025525,3.077312260546414
0.62356,0.0,6.2,1,0.507,6.879,77.7,3.2721,8,307,17.4,390.39,9.93,27.5,0.4846212690691169,0.0,1.18543198062067,2.295560478057081,3.3141860046725258
0.6147,0.0,6.2,0,0.507,6.618,80.8,3.2721,8,307,17.4,396.9,7.6,30.1,0.47914918090543834,0.0,1.18543198062067,2.028148247292285,3.40452517175483
0.31533,0.0,6.2,0,0.504,8.266,78.3,2.8944,8,307,17.4,385.05,4.14,44.8,0.2740875847172427,0.0,1.0627778356588937,1.4206957878372228,3.8022081394209395
0.52693,0.0,6.2,0,0.504,8.725,83.0,2.8944,8,307,17.4,382.0,4.63,50.0,0.4232591836664219,0.0,1.0627778356588937,1.5325568680981427,3.912023005428146
0.38214,0.0,6.2,0,0.504,8.04,86.5,3.2157,8,307,17.4,387.38,3.13,37.6,0.32363302267493305,0.0,1.1680450633834465,1.1410330045520618,3.6270040503958487
0.41238,0.0,6.2,0,0.504,7.163,79.9,3.2157,8,307,17.4,372.08,6.36,31.6,0.34527622467730223,0.0,1.1680450633834465,1.8500283773520307,3.4531571205928664
0.29819,0.0,6.2,0,0.504,7.686,17.0,3.3751,8,307,17.4,377.51,3.92,46.7,0.26097098661421536,0.0,1.216424953515174,1.366091653802371,3.8437441646748516
0.44178,0.0,6.2,0,0.504,6.552,21.4,3.3751,8,307,17.4,380.34,3.76,31.5,0.36587846134267826,0.0,1.216424953515174,1.324418957401803,3.449987545831587
0.537,0.0,6.2,0,0.504,5.981,68.1,3.6715,8,307,17.4,378.35,11.65,24.3,0.42983246455645885,0.0,1.3006002979095281,2.4553061800117097,3.190476350346503
0.46296,0.0,6.2,0,0.504,7.412,76.9,3.6715,8,307,17.4,376.14,5.25,31.7,0.38046178058424046,0.0,1.3006002979095281,1.6582280766035324,3.456316680883235
0.57529,0.0,6.2,0,0.507,8.337,73.3,3.8384,8,307,17.4,385.91,2.47,41.7,0.45443938231243075,0.0,1.3450556131032931,0.9042181506398859,3.730501128804756
0.33147,0.0,6.2,0,0.507,8.247,70.4,3.6519,8,307,17.4,378.95,3.95,48.3,0.2862835950379259,0.0,1.2952475801015233,1.3737155789130306,3.877431560658527
0.44791,0.0,6.2,1,0.507,6.726,66.5,3.6519,8,307,17.4,360.2,8.05,29.0,0.37012113733570884,0.0,1.2952475801015233,2.0856720914304723,3.367295829986474
0.33045,0.0,6.2,0,0.507,6.086,61.5,3.6519,8,307,17.4,376.75,10.88,24.0,0.28551723087226977,0.0,1.2952475801015233,2.3869262414277967,3.1780538303479458
0.52058,0.0,6.2,1,0.507,6.631,76.5,4.148,8,307,17.4,388.45,9.54,25.1,0.41909184102282127,0.0,1.4226262903672808,2.255493485460195,3.2228678461377385
0.51183,0.0,6.2,0,0.507,7.358,71.6,4.148,8,307,17.4,390.07,4.73,31.5,0.4133208375737469,0.0,1.4226262903672808,1.5539252025038417,3.449987545831587
0.08244,30.0,4.93,0,0.428,6.481,18.5,6.1899,6,300,16.6,379.41,6.36,23.7,0.07921775210662887,3.4339872044851463,1.8229189314771568,1.8500283773520307,3.1654750481410856
0.09252,30.0,4.93,0,0.428,6.606,42.2,6.1899,6,300,16.6,383.78,7.37,23.3,0.08848695445619936,3.4339872044851463,1.8229189314771568,1.9974177062012453,3.1484533605716547
0.11329,30.0,4.93,0,0.428,6.897,54.3,6.3361,6,300,16.6,391.25,11.38,22.0,0.10731959540732398,3.4339872044851463,1.84626343721586,2.431857428698185,3.091042453358316
0.10612,30.0,4.93,0,0.428,6.095,65.1,6.3361,6,300,16.6,394.62,12.4,20.1,0.10085839631038275,3.4339872044851463,1.84626343721586,2.517696472610991,3.0007198150650303
0.1029,30.0,4.93,0,0.428,6.358,52.9,7.0355,6,300,16.6,372.75,11.22,22.2,0.09794307432996419,3.4339872044851463,1.9509687612461732,2.4176979000945504,3.100092288878234
0.12757,30.0,4.93,0,0.428,6.393,7.8,7.0355,6,300,16.6,374.71,5.19,23.7,0.12006487472475483,3.4339872044851463,1.9509687612461732,1.6467336971777973,3.1654750481410856
0.20608,22.0,5.86,0,0.431,5.593,76.5,7.9549,7,330,19.1,372.49,12.5,17.6,0.18737543109663357,3.1354942159291497,2.073788091000493,2.5257286443082556,2.8678989020441064
0.19133,22.0,5.86,0,0.431,5.605,70.2,7.9549,7,330,19.1,389.13,18.46,18.5,0.17507033007976175,3.1354942159291497,2.073788091000493,2.9156062290747062,2.917770732084279
0.33983,22.0,5.86,0,0.431,6.108,34.9,8.0555,7,330,19.1,390.18,9.16,24.3,0.2925427402430482,3.1354942159291497,2.0863550879489043,2.214846178686039,3.190476350346503
0.19657,22.0,5.86,0,0.431,6.226,79.2,8.0555,7,330,19.1,376.14,10.15,20.5,0.1794591306249127,3.1354942159291497,2.0863550879489043,2.3174737054877963,3.0204248861443626
0.16439,22.0,5.86,0,0.431,6.433,49.1,7.8265,7,330,19.1,374.71,9.52,24.5,0.1521973447384029,3.1354942159291497,2.0575154113461407,2.253394848803274,3.1986731175506815
0.19073,22.0,5.86,0,0.431,6.718,17.5,7.8265,7,330,19.1,393.74,6.56,26.2,0.17456656442088753,3.1354942159291497,2.0575154113461407,1.8809906029559975,3.265759410767051
0.1403,22.0,5.86,0,0.431,6.487,13.0,7.3967,7,330,19.1,396.28,5.9,24.4,0.1312913856811757,3.1354942159291497,2.0010339548007137,1.7749523509116738,3.1945831322991562
0.21409,22.0,5.86,0,0.431,6.438,8.9,7.3967,7,330,19.1,377.07,3.59,24.8,0.19399482498004605,3.1354942159291497,2.0010339548007137,1.2781522025001875,3.2108436531709366
0.08221,22.0,5.86,0,0.431,6.957,6.8,8.9067,7,330,19.1,386.09,3.53,29.6,0.07900524661995387,3.1354942159291497,2.1868038025083023,1.2612978709452054,3.3877743613300146
0.36894,22.0,5.86,0,0.431,8.259,8.4,8.9067,7,330,19.1,396.9,3.54,42.8,0.31403671773445885,3.1354942159291497,2.1868038025083023,1.264126727145683,3.756538102587751
0.04819,80.0,3.64,0,0.392,6.108,32.0,9.2203,1,315,16.4,392.89,6.57,21.9,0.04706486717633035,4.394449154672439,2.221407575000109,1.8825138324965192,3.086486636822455
0.03548,80.0,3.64,0,0.392,5.876,19.1,9.2203,1,315,16.4,395.18,9.25,20.9,0.034865087326079396,4.394449154672439,2.221407575000109,2.224623551524334,3.039749158970765
0.01538,90.0,3.75,0,0.394,7.454,34.2,6.3361,3,244,15.9,386.34,3.11,44.0,0.01526292666591237,4.51085950651685,1.84626343721586,1.1346227261911428,3.784189633918261
0.61154,20.0,3.97,0,0.647,8.704,86.9,1.801,5,264,13.0,389.7,5.12,50.0,0.47719024356009226,3.044522437723423,0.588342066193819,1.6331544390514163,3.912023005428146
0.66351,20.0,3.97,0,0.647,7.333,100.0,1.8946,5,264,13.0,383.29,7.79,36.0,0.5089298278800272,3.044522437723423,0.639007734459297,2.052840859882657,3.58351893845611
0.65665,20.0,3.97,0,0.647,6.842,100.0,2.0107,5,264,13.0,391.93,6.9,30.1,0.5047974910276488,3.044522437723423,0.6984829201494644,1.9315214116032138,3.40452517175483
0.54011,20.0,3.97,0,0.647,7.203,81.8,2.1121,5,264,13.0,392.8,9.59,33.8,0.4318538424460674,3.044522437723423,0.7476827132079593,2.2607208888953467,3.520460802488973
0.53412,20.0,3.97,0,0.647,7.52,89.4,2.1398,5,264,13.0,388.37,7.26,43.1,0.42795692674339125,3.044522437723423,0.7607123667223692,1.9823798288367047,3.763522997109702
0.52014,20.0,3.97,0,0.647,8.398,91.5,2.2885,5,264,13.0,386.86,5.91,48.8,0.4188024358799136,3.044522437723423,0.8278965811115597,1.776645831418007,3.8877303128591016
0.82526,20.0,3.97,0,0.647,7.327,94.5,2.0788,5,264,13.0,393.42,11.25,31.0,0.6017224426405978,3.044522437723423,0.7317908041521498,2.4203681286504293,3.4339872044851463
0.55007,20.0,3.97,0,0.647,7.206,91.6,1.9301,5,264,13.0,387.89,8.1,36.5,0.4383000912017374,3.044522437723423,0.6575718150460251,2.0918640616783932,3.597312260588446
0.76162,20.0,3.97,0,0.647,5.56,62.8,1.9865,5,264,13.0,392.4,10.45,22.8,0.5662338402369981,3.044522437723423,0.6863742962725166,2.34660197841082,3.126760535960395
0.7857,20.0,3.97,0,0.647,7.014,84.6,2.1329,5,264,13.0,384.07,14.79,30.7,0.579810495220942,3.044522437723423,0.7574825560648395,2.6939512767227085,3.4242626545931514
0.57834,20.0,3.97,0,0.575,8.297,67.0,2.4216,5,264,13.0,384.54,7.44,50.0,0.4563736618258477,3.044522437723423,0.8844284787253719,2.0068708488450007,3.912023005428146
0.5405,20.0,3.97,0,0.575,7.47,52.6,2.872,5,264,13.0,390.3,3.16,43.5,0.43210703905458553,3.044522437723423,1.0550086511859778,1.1505720275988207,3.7727609380946383
0.09065,20.0,6.96,1,0.464,5.92,61.5,3.9175,3,223,18.6,391.34,13.65,20.7,0.08677384878203848,3.044522437723423,1.365453695248039,2.613739521630969,3.0301337002713233
0.29916,20.0,6.96,0,0.464,5.856,42.1,4.429,3,223,18.6,388.65,13.0,21.1,0.26171790177397086,3.044522437723423,1.4881738249410612,2.5649493574615367,3.0492730404820207
0.16211,20.0,6.96,0,0.464,6.24,16.3,4.429,3,223,18.6,396.9,6.59,25.2,0.1502373183211034,3.044522437723423,1.4881738249410612,1.8855533485144158,3.2268439945173775
0.1146,20.0,6.96,0,0.464,6.538,58.7,3.9175,3,223,18.6,394.96,7.73,24.4,0.10849559615329893,3.044522437723423,1.365453695248039,2.0451088625993306,3.1945831322991562
0.22188,20.0,6.96,1,0.464,7.691,51.8,4.3665,3,223,18.6,390.77,6.58,35.2,0.2003906562548323,3.044522437723423,1.4739617728716505,1.884034745337226,3.5610460826040513
0.05644,40.0,6.41,1,0.447,6.758,32.9,4.0776,4,254,17.6,396.9,3.53,32.4,0.05490476516928596,3.713572066704308,1.405508580043695,1.2612978709452054,3.4781584227982836
0.09604,40.0,6.41,0,0.447,6.854,42.8,4.2673,4,254,17.6,396.9,2.98,32.0,0.09170368421021316,3.713572066704308,1.450981308741706,1.091923300517313,3.4657359027997265
0.10469,40.0,6.41,1,0.447,7.267,49.0,4.7872,4,254,17.6,389.25,6.05,33.2,0.09956475262374566,3.713572066704308,1.5659456893579664,1.80005827204275,3.502549875922443
0.06127,40.0,6.41,1,0.447,6.826,27.6,4.8628,4,254,17.6,393.45,4.16,33.1,0.059466304166666525,3.713572066704308,1.581614403699502,1.425515074273172,3.4995332823830174
0.07978,40.0,6.41,0,0.447,6.482,32.1,4.1403,4,254,17.6,396.9,7.19,29.1,0.07675731668200717,3.713572066704308,1.420768248979967,1.9726911717329554,3.370738174177447
0.21038,20.0,3.33,0,0.4429,6.812,32.2,4.1007,5,216,14.9,396.9,4.85,35.1,0.19093435989217727,3.044522437723423,1.41115769084458,1.5789787049493917,3.55820113047182
0.03578,20.0,3.33,0,0.4429,7.82,64.5,4.6947,5,216,14.9,387.31,3.76,45.4,0.035154766074375454,3.044522437723423,1.546434212855099,1.324418957401803,3.8155121050473024
0.03705,20.0,3.33,0,0.4429,6.968,37.2,5.2447,5,216,14.9,392.23,4.59,35.4,0.0363801440927505,3.044522437723423,1.6572180428816397,1.5238800240724537,3.5667118201397288
0.06129,20.0,3.33,1,0.4429,7.645,49.7,5.2119,5,216,14.9,377.07,3.01,46.0,0.05948514933476599,3.044522437723423,1.6509444725858264,1.1019400787607843,3.828641396489095
0.01501,90.0,1.21,1,0.401,7.923,24.8,5.885,1,198,13.6,395.52,3.16,50.0,0.014898464661966655,4.51085950651685,1.77240674071224,1.1505720275988207,3.912023005428146
0.00906,90.0,2.97,0,0.4,7.088,20.8,7.3073,1,285,15.3,394.72,7.85,32.2,0.00901920442015993,4.51085950651685,1.9888738484874289,2.060513531794317,3.4719664525503626
0.01096,55.0,2.25,0,0.389,6.453,31.9,7.3073,1,300,15.3,394.72,8.23,22.0,0.010900374468288251,4.02535169073515,1.9888738484874289,2.1077860146889784,3.091042453358316
0.01965,80.0,1.76,0,0.385,6.23,31.5,9.0892,1,241,18.2,341.6,12.93,20.1,0.01945943115621908,4.394449154672439,2.2070868955155056,2.559550192783766,3.0007198150650303
0.03871,52.5,5.32,0,0.405,6.209,31.3,7.3172,6,293,16.6,396.9,7.14,23.2,0.03797955862417436,3.979681653901961,1.990227741135006,1.965712776351493,3.1441522786722644
0.0459,52.5,5.32,0,0.405,6.315,45.6,7.3172,6,293,16.6,396.9,7.6,22.3,0.04487775877808546,3.979681653901961,1.990227741135006,2.028148247292285,3.104586678466073
0.04297,52.5,5.32,0,0.405,6.565,22.9,7.3172,6,293,16.6,371.72,9.51,24.8,0.04207241242184151,3.979681653901961,1.990227741135006,2.252343876557299,3.2108436531709366
0.03502,80.0,4.95,0,0.411,6.861,27.9,5.1167,4,245,19.2,396.9,3.33,28.5,0.03442075020213025,4.394449154672439,1.6325097000018567,1.2029723039923526,3.349904087274605
0.07886,80.0,4.95,0,0.411,7.148,27.7,5.1167,4,245,19.2,396.9,3.56,37.3,0.07590492808946425,4.394449154672439,1.6325097000018567,1.269760544863939,3.6189933266497696
0.03615,80.0,4.95,0,0.411,6.63,23.4,5.1167,4,245,19.2,396.9,4.7,27.9,0.03551192100135956,4.394449154672439,1.6325097000018567,1.547562508716013,3.32862668882732
0.08265,0.0,13.92,0,0.437,6.127,18.4,5.5027,4,289,16.0,396.9,8.58,23.9,0.07941173942416167,0.0,1.705238880872887,2.149433913499871,3.173878458937465
0.08199,0.0,13.92,0,0.437,6.009,42.3,5.5027,4,289,16.0,396.9,10.4,21.7,0.07880193823740345,0.0,1.705238880872887,2.341805806147327,3.077312260546414
0.12932,0.0,13.92,0,0.437,6.678,31.1,5.9604,4,289,16.0,396.9,6.27,28.6,0.12161568167655973,0.0,1.785137592919168,1.8357763546448294,3.353406717825807
0.05372,0.0,13.92,0,0.437,6.549,51.0,5.9604,4,289,16.0,392.85,7.39,27.1,0.052326760177767426,0.0,1.785137592919168,2.0001277349601105,3.299533727885655
0.14103,0.0,13.92,0,0.437,5.79,58.0,6.32,4,289,16.0,396.9,15.84,20.3,0.13193136325997015,0.0,1.843719208158766,2.7625383863862796,3.0106208860477417
0.06466,70.0,2.24,0,0.4,6.345,20.1,7.8278,5,358,14.8,368.24,4.97,22.5,0.06265549936434228,4.2626798770413155,2.057681499897272,1.6034198401085373,3.1135153092103742
0.05561,70.0,2.24,0,0.4,7.041,10.0,7.8278,5,358,14.8,371.58,4.74,29.0,0.054118798887496024,4.2626798770413155,2.057681499897272,1.556037135706985,3.367295829986474
0.04417,70.0,2.24,0,0.4,6.871,47.4,7.8278,5,358,14.8,390.86,6.07,24.8,0.04322231145326899,4.2626798770413155,2.057681499897272,1.803358605071407,3.2108436531709366
0.03537,34.0,6.09,0,0.433,6.59,40.4,5.4917,7,329,16.1,395.75,9.5,22.0,0.034758850756454886,3.5553480614894135,1.7032378615047714,2.2512917986064953,3.091042453358316
0.09266,34.0,6.09,0,0.433,6.495,18.4,5.4917,7,329,16.1,383.61,8.67,26.4,0.0886150903536463,3.5553480614894135,1.7032378615047714,2.1598687907924505,3.2733640101522705
0.1,34.0,6.09,0,0.433,6.982,17.7,5.4917,7,329,16.1,390.43,4.86,33.1,0.09531017980432487,3.5553480614894135,1.7032378615047714,1.5810384379124025,3.4995332823830174
0.05515,33.0,2.18,0,0.472,7.236,41.1,4.022,7,222,18.4,393.68,6.93,36.1,0.05368293691618483,3.5263605246161616,1.3917792913504603,1.9358598132018119,3.586292865338835
0.05479,33.0,2.18,0,0.472,6.616,58.1,3.37,7,222,18.4,393.36,8.93,28.4,0.053341694981823305,3.5263605246161616,1.2149127443642704,2.189416394888408,3.3463891451671604
0.07503,33.0,2.18,0,0.472,7.42,71.9,3.0992,7,222,18.4,396.9,6.47,33.4,0.07234856816697788,3.5263605246161616,1.1311440136705944,1.8671761085128091,3.5085558999826545
0.04932,33.0,2.18,0,0.472,6.849,70.3,3.1827,7,222,18.4,396.9,7.53,28.2,0.04814233532601415,3.5263605246161616,1.1577298931511986,2.018895041811802,3.339321977944068
0.49298,0.0,9.9,0,0.544,6.635,82.5,3.3175,4,304,18.4,396.9,4.54,22.8,0.4007741226200408,0.0,1.1992114872242254,1.5129270120532565,3.126760535960395
0.3494,0.0,9.9,0,0.544,5.972,76.7,3.1025,4,304,18.4,396.24,9.97,20.3,0.29966004921118794,0.0,1.1322082380966252,2.299580583973747,3.0106208860477417
2.63548,0.0,9.9,0,0.544,4.973,37.8,2.5194,4,304,18.4,350.45,12.64,16.1,1.290741151786282,0.0,0.9240207779360656,2.5368663887187113,2.7788192719904172
0.79041,0.0,9.9,0,0.544,6.122,52.8,2.6403,4,304,18.4,396.9,5.98,22.1,0.582444643903983,0.0,0.9708925470657387,1.7884205679625405,3.095577608523707
0.26169,0.0,9.9,0,0.544,6.023,90.4,2.834,4,304,18.4,396.3,11.72,19.4,0.2324520921057716,0.0,1.0416891412684888,2.4612967841488667,2.9652730660692823
0.26938,0.0,9.9,0,0.544,6.266,82.8,3.2628,4,304,18.4,393.39,7.9,21.6,0.2385285922910863,0.0,1.1825857224442882,2.066862759472976,3.0726933146901194
0.3692,0.0,9.9,0,0.544,6.567,87.3,3.6023,4,304,18.4,395.69,9.28,23.8,0.3142266276738932,0.0,1.2815725303483325,2.2278615467981093,3.169685580677429
0.25356,0.0,9.9,0,0.544,5.705,77.7,3.945,4,304,18.4,396.42,11.5,16.2,0.22598750344594104,0.0,1.3724489542978375,2.4423470353692043,2.785011242238338
0.31827,0.0,9.9,0,0.544,5.914,83.2,3.9986,4,304,18.4,390.7,18.33,17.8,0.2763202709424078,0.0,1.3859442998555953,2.9085390618516134,2.8791984572980396
0.24522,0.0,9.9,0,0.544,5.782,71.7,4.0317,4,304,18.4,396.9,15.94,19.8,0.21931222113316776,0.0,1.394188123238991,2.768831673362069,2.9856819377004897
0.40202,0.0,9.9,0,0.544,6.382,67.2,3.5325,4,304,18.4,395.21,10.36,23.1,0.3379140538458848,0.0,1.2620058355765456,2.337952236831337,3.139832617527748
0.47547,0.0,9.9,0,0.544,6.113,58.8,4.0019,4,304,18.4,396.23,12.73,21.0,0.3889765831033406,0.0,1.3867692483431018,2.543961412569315,3.044522437723423
0.1676,0.0,7.38,0,0.493,6.426,52.3,4.5404,5,287,19.6,396.9,7.2,23.8,0.15495035999782264,0.0,1.5130151138990473,1.9740810260220096,3.169685580677429
0.18159,0.0,7.38,0,0.493,6.376,54.3,4.5404,5,287,19.6,396.9,6.87,23.1,0.1668609890983406,0.0,1.5130151138990473,1.927164106234258,3.139832617527748
0.35114,0.0,7.38,0,0.493,6.041,49.9,4.7211,5,287,19.6,396.9,7.7,20.4,0.3009486805521662,0.0,1.5520418232927913,2.0412203288596382,3.0155349008501706
0.28392,0.0,7.38,0,0.493,5.708,74.3,4.7211,5,287,19.6,391.13,11.74,18.5,0.2499178980307637,0.0,1.5520418232927913,2.4630018143999504,2.917770732084279
0.34109,0.0,7.38,0,0.493,6.415,40.1,4.7211,5,287,19.6,396.9,6.12,25.0,0.29348271614145116,0.0,1.5520418232927913,1.8115620965242347,3.2188758248682006
0.19186,0.0,7.38,0,0.493,6.431,14.7,5.4159,5,287,19.6,393.68,5.08,24.6,0.17551511208097656,0.0,1.689339071628585,1.6253112615903906,3.202746442938317
0.30347,0.0,7.38,0,0.493,6.312,28.9,5.4159,5,287,19.6,396.9,6.15,23.0,0.2650299391668473,0.0,1.689339071628585,1.8164520818184267,3.1354942159291497
0.24103,0.0,7.38,0,0.493,6.083,43.7,5.4159,5,287,19.6,396.9,12.79,22.2,0.21594167998346536,0.0,1.689339071628585,2.548663615590751,3.100092288878234
0.06617,0.0,3.24,0,0.46,5.868,25.8,5.2146,4,430,16.9,382.44,9.97,19.3,0.06407278770058891,0.0,1.6514623836893323,2.299580583973747,2.9601050959108397
0.06724,0.0,3.24,0,0.46,6.333,17.2,5.2146,4,430,16.9,375.21,7.34,22.6,0.06507587673618768,0.0,1.6514623836893323,1.9933388426264242,3.1179499062782403
0.04544,0.0,3.24,0,0.46,6.144,32.2,5.8736,4,430,16.9,368.57,9.09,19.8,0.04443784943056829,0.0,1.7704677337604326,2.2071749081893874,2.9856819377004897
0.05023,35.0,6.06,0,0.4379,5.706,28.4,6.6407,1,304,16.9,394.02,12.43,17.1,0.049009187801052775,3.58351893845611,1.893217379618614,2.5201129055226197,2.8390784635086144
0.03466,35.0,6.06,0,0.4379,6.031,23.3,6.6407,1,304,16.9,362.25,7.83,19.4,0.03407287033313542,3.58351893845611,1.893217379618614,2.057962510002712,2.9652730660692823
0.05083,0.0,5.19,0,0.515,6.316,38.1,6.4584,5,224,20.2,389.71,5.68,22.2,0.049580328098150495,0.0,1.8653816090986688,1.7369512327330598,3.100092288878234
0.03738,0.0,5.19,0,0.515,6.31,38.5,6.4584,5,224,20.2,389.4,6.75,20.7,0.03669830378267371,0.0,1.8653816090986688,1.9095425048844386,3.0301337002713233
0.03961,0.0,5.19,0,0.515,6.037,34.5,5.9853,5,224,20.2,396.9,8.01,21.1,0.038845642823198225,0.0,1.7893064630669882,2.080690761080268,3.0492730404820207
0.03427,0.0,5.19,0,0.515,5.869,46.3,5.2311,5,224,20.2,396.9,9.8,19.5,0.03369586385672553,0.0,1.6546215810094207,2.2823823856765264,2.970414465569701
0.03041,0.0,5.19,0,0.515,5.895,59.6,5.615,5,224,20.2,394.81,10.56,18.5,0.029956781289803308,0.0,1.7254415881904066,2.3570732782781154,2.917770732084279
0.03306,0.0,5.19,0,0.515,6.059,37.3,4.8122,5,224,20.2,396.14,8.51,20.6,0.032525271703396835,0.0,1.571154360008492,2.1412419425852827,3.0252910757955354
0.05497,0.0,5.19,0,0.515,5.985,45.4,4.8122,5,224,20.2,396.9,9.74,19.0,0.053512330504761216,0.0,1.571154360008492,2.2762411176544437,2.9444389791664403
0.06151,0.0,5.19,0,0.515,5.968,58.5,4.8122,5,224,20.2,396.9,9.29,18.7,0.05969242274798216,0.0,1.571154360008492,2.2289385528257473,2.928523523860541
0.01301,35.0,1.52,0,0.442,7.241,49.3,7.0379,1,284,15.5,394.74,5.49,32.7,0.012926096886133677,3.58351893845611,1.951309830216467,1.7029282555214393,3.487375077903208
0.02498,0.0,1.89,0,0.518,6.54,59.7,6.2669,1,422,15.9,389.96,8.65,16.5,0.024673100204884193,0.0,1.8352818145171772,2.157559320943788,2.803360380906535
0.02543,55.0,3.78,0,0.484,6.696,56.4,5.7321,5,370,17.6,396.9,7.18,23.9,0.025112036814854837,4.02535169073515,1.7460819557314025,1.9712993830601329,3.173878458937465
0.03049,55.0,3.78,0,0.484,6.874,28.1,6.4654,5,370,17.6,387.97,4.61,31.2,0.03003441727412102,4.02535169073515,1.8664648819262473,1.5282278570085572,3.4404180948154366
0.03113,0.0,4.39,0,0.442,6.014,48.5,8.0136,3,352,18.8,385.64,10.53,17.5,0.030655288259616865,0.0,2.0811400983154176,2.354228326145884,2.8622008809294686
0.06162,0.0,4.39,0,0.442,5.898,52.3,8.0136,3,352,18.8,364.61,12.67,17.2,0.05979604334596572,0.0,2.0811400983154176,2.5392369943330477,2.8449093838194073
0.0187,85.0,4.15,0,0.429,6.516,27.7,8.5353,4,351,17.9,392.43,6.36,23.1,0.018527304613883622,4.454347296253507,2.1442105050135645,1.8500283773520307,3.139832617527748
0.01501,80.0,2.01,0,0.435,6.635,29.7,8.344,4,280,17.0,390.94,5.99,24.5,0.014898464661966655,4.394449154672439,2.121542717698471,1.7900914121273581,3.1986731175506815
0.02899,40.0,1.25,0,0.429,6.939,34.5,8.7921,1,335,19.7,389.85,5.89,26.6,0.028577738631707324,3.713572066704308,2.1738535910129793,1.7732559976634952,3.2809112157876537
0.06211,40.0,1.25,0,0.429,6.49,44.4,8.7921,1,335,19.7,396.9,5.98,22.9,0.06025749561032605,3.713572066704308,2.1738535910129793,1.7884205679625405,3.131136910560194
0.0795,60.0,1.69,0,0.411,6.579,35.9,10.7103,4,411,18.3,370.78,5.49,24.1,0.076497970972725,4.110873864173311,2.371205895271833,1.7029282555214393,3.1822118404966093
0.07244,60.0,1.69,0,0.411,5.884,18.5,10.7103,4,411,18.3,392.33,7.79,18.6,0.06993642619916388,4.110873864173311,2.371205895271833,2.052840859882657,2.9231615807191558
0.01709,90.0,2.02,0,0.41,6.728,36.1,12.1265,5,187,17.0,384.46,4.5,30.1,0.016945608726141724,4.51085950651685,2.495393140512136,1.5040773967762742,3.40452517175483
0.04301,80.0,1.91,0,0.413,5.663,21.9,10.5857,4,334,22.0,382.8,8.05,18.2,0.042110763700381956,4.394449154672439,2.359504033718152,2.0856720914304723,2.9014215940827497
0.10659,80.0,1.91,0,0.413,5.936,19.5,10.5857,4,334,22.0,376.04,5.57,20.6,0.10128321475208404,4.394449154672439,2.359504033718152,1.7173950539391927,3.0252910757955354
8.98296,0.0,18.1,1,0.77,6.212,97.4,2.1222,24,666,20.2,377.73,17.6,17.8,2.3008796395346813,0.0,0.7524532864573528,2.8678989020441064,2.8791984572980396
3.8497,0.0,18.1,1,0.77,6.395,91.0,2.5052,24,666,20.2,391.34,13.27,21.7,1.578916847366148,0.0,0.9183685716691207,2.5855058483441162,3.077312260546414
5.20177,0.0,18.1,1,0.77,6.127,83.4,2.7227,24,666,20.2,395.43,11.48,22.7,1.8248347351792473,0.0,1.0016240350184296,2.4406063908914204,3.122364924487357
4.26131,0.0,18.1,0,0.77,6.112,81.3,2.5091,24,666,20.2,390.74,12.67,22.6,1.6603800451716153,0.0,0.9199241231065759,2.5392369943330477,3.1179499062782403
4.54192,0.0,18.1,0,0.77,6.398,88.0,2.5182,24,666,20.2,374.56,7.79,25.0,1.7123410111146562,0.0,0.9235443605854632,2.052840859882657,3.2188758248682006
3.83684,0.0,18.1,0,0.77,6.251,91.1,2.2955,24,666,20.2,350.65,14.19,19.9,1.5762616149393935,0.0,0.8309506847071397,2.6525374911719513,2.990719731730447
3.67822,0.0,18.1,0,0.77,5.362,96.2,2.1036,24,666,20.2,380.79,10.19,20.8,1.5429176957008952,0.0,0.7436501627330522,2.321406847234633,3.0349529867072724
4.22239,0.0,18.1,1,0.77,5.803,89.0,1.9047,24,666,20.2,353.04,14.64,16.8,1.6529551515173315,0.0,0.6443245158623769,2.6837575085331657,2.8213788864092133
3.47428,0.0,18.1,1,0.718,8.78,82.9,1.9047,24,666,20.2,354.55,5.29,21.9,1.4983454449272653,0.0,0.6443245158623769,1.665818245870208,3.086486636822455
4.55587,0.0,18.1,0,0.718,3.561,87.9,1.6132,24,666,20.2,354.7,7.12,27.5,1.714855026490207,0.0,0.478219784017076,1.9629077254238845,3.3141860046725258
3.69695,0.0,18.1,0,0.718,4.963,91.4,1.7523,24,666,20.2,316.03,14.0,21.9,1.5469133618955864,0.0,0.5609292107322363,2.6390573296152584,3.086486636822455
13.5222,0.0,18.1,0,0.631,3.863,100.0,1.5106,24,666,20.2,131.42,13.33,23.1,2.675678513070904,0.0,0.4125069228972105,2.5900171341906173,3.139832617527748
4.89822,0.0,18.1,0,0.631,4.97,100.0,1.3325,24,666,20.2,375.52,3.26,50.0,1.7746506104773532,0.0,0.2870568770578626,1.1817271953786161,3.912023005428146
5.66998,0.0,18.1,1,0.631,6.683,96.8,1.3567,24,666,20.2,375.33,3.73,50.0,1.8976168614222872,0.0,0.30505528050912584,1.3164082336557241,3.912023005428146
6.53876,0.0,18.1,1,0.631,7.016,97.5,1.2024,24,666,20.2,392.05,2.96,50.0,2.020057712262034,0.0,0.18431955945662762,1.085189268335969,3.912023005428146
9.2323,0.0,18.1,0,0.631,6.216,100.0,1.1691,24,666,20.2,366.15,9.53,50.0,2.3255493836278043,0.0,0.15623422203063622,2.254444717666111,3.912023005428146
8.26725,0.0,18.1,1,0.668,5.875,89.6,1.1296,24,666,20.2,347.88,8.88,50.0,2.226486679687524,0.0,0.12186358775684052,2.1838015570040787,3.912023005428146
11.1081,0.0,18.1,0,0.668,4.906,100.0,1.1742,24,666,20.2,396.9,34.77,13.8,2.4938746501276796,0.0,0.16058706464794842,3.5487549460197703,2.624668592163159
18.4982,0.0,18.1,0,0.668,4.138,100.0,1.137,24,666,20.2,396.9,37.97,13.8,2.970322153616776,0.0,0.128393214768399,3.636796374243711,2.624668592163159
19.6091,0.0,18.1,0,0.671,7.313,97.9,1.3163,24,666,20.2,396.9,13.44,15.0,3.0257327258266167,0.0,0.274824770449225,2.5982353350950036,2.70805020110221
15.288,0.0,18.1,0,0.671,6.649,93.3,1.3449,24,666,20.2,363.02,23.24,13.9,2.7904286403681122,0.0,0.29631966084736644,3.1458749319837103,2.631888840136646
9.82349,0.0,18.1,0,0.671,6.794,98.8,1.358,24,666,20.2,396.9,21.24,13.3,2.381718772241792,0.0,0.30601302913650447,3.055886196373738,2.5877640352277083
23.6482,0.0,18.1,0,0.671,6.38,96.2,1.3861,24,666,20.2,396.9,23.69,13.1,3.204703875510067,0.0,0.3264940482371704,3.165053018170694,2.5726122302071057
17.8667,0.0,18.1,0,0.671,6.223,100.0,1.3861,24,666,20.2,393.74,21.78,10.2,2.937398463323919,0.0,0.3264940482371704,3.0809921175048145,2.322387720290225
88.9762,0.0,18.1,0,0.671,6.968,91.9,1.4165,24,666,20.2,396.9,17.21,10.4,4.4995451909142234,0.0,0.3481890402884343,2.845490610223448,2.341805806147327
15.8744,0.0,18.1,0,0.671,6.545,99.1,1.5192,24,666,20.2,396.9,21.08,10.9,2.825797680570924,0.0,0.41818388051593913,3.0483247236731614,2.388762789235098
9.18702,0.0,18.1,0,0.7,5.536,100.0,1.5804,24,666,20.2,396.9,23.6,11.3,2.321114360892544,0.0,0.45767797955509865,3.1612467120315646,2.424802725718295
7.99248,0.0,18.1,0,0.7,5.52,100.0,1.5331,24,666,20.2,396.9,24.56,12.3,2.19638867250955,0.0,0.4272918293342714,3.2011191032789417,2.509599262378372
20.0849,0.0,18.1,0,0.7,4.368,91.2,1.4395,24,666,20.2,285.83,30.63,8.8,3.04855714447919,0.0,0.3642958310700935,3.421979920844684,2.174751721484161
16.8118,0.0,18.1,0,0.7,5.277,98.1,1.4261,24,666,20.2,396.9,30.81,7.2,2.879861159011059,0.0,0.3549434457605842,3.4278393126085764,1.9740810260220096
24.3938,0.0,18.1,0,0.7,4.652,100.0,1.4672,24,666,20.2,396.9,28.28,10.5,3.2345050497403935,0.0,0.3833558225200634,3.342154841028372,2.3513752571634776
22.5971,0.0,18.1,0,0.7,5.0,89.5,1.5184,24,666,20.2,396.9,31.99,7.4,3.1611238231251,0.0,0.41765714887352634,3.4654233539614268,2.0014800002101243
14.3337,0.0,18.1,0,0.7,4.88,100.0,1.5895,24,666,20.2,372.92,30.62,10.2,2.730053020578551,0.0,0.4634195013687203,3.4216533902295376,2.322387720290225
8.15174,0.0,18.1,0,0.7,5.39,98.9,1.7281,24,666,20.2,396.9,20.85,11.5,2.213944025142987,0.0,0.547022539077809,3.0373539482448106,2.4423470353692043
6.96215,0.0,18.1,0,0.7,5.713,97.0,1.9265,24,666,20.2,394.43,17.11,15.1,2.0746990638882306,0.0,0.6557048850840753,2.839663087904102,2.714694743820879
5.29305,0.0,18.1,0,0.7,6.051,82.5,2.1678,24,666,20.2,378.38,18.76,23.2,1.8394458498493202,0.0,0.7737128283995126,2.9317269435780786,3.1441522786722644
11.5779,0.0,18.1,0,0.7,5.036,97.0,1.77,24,666,20.2,396.9,25.68,9.7,2.531941305700138,0.0,0.5709795465857378,3.2457124788217606,2.272125885509337
8.64476,0.0,18.1,0,0.693,6.193,92.6,1.7912,24,666,20.2,396.9,15.17,13.8,2.266414762688843,0.0,0.582885786302408,2.719319793360441,2.624668592163159
13.3598,0.0,18.1,0,0.693,5.887,94.7,1.7821,24,666,20.2,396.9,16.35,12.7,2.6644326359464867,0.0,0.5777924441969166,2.7942278973432626,2.5416019934645457
8.71675,0.0,18.1,0,0.693,6.471,98.8,1.7257,24,666,20.2,391.98,17.12,13.1,2.273851200420946,0.0,0.5456327652713961,2.840247370713596,2.5726122302071057
5.87205,0.0,18.1,0,0.693,6.405,96.0,1.6768,24,666,20.2,396.9,19.37,12.5,1.9274624605576969,0.0,0.516887215144586,2.9637254774189046,2.5257286443082556
7.67202,0.0,18.1,0,0.693,5.747,98.9,1.6334,24,666,20.2,393.1,19.92,8.5,2.160101750967694,0.0,0.4906637319420382,2.991724252156452,2.1400661634962708
38.3518,0.0,18.1,0,0.693,5.453,100.0,1.4896,24,666,20.2,396.9,30.59,5.0,3.672541717146316,0.0,0.3985076275406656,3.420673158162812,1.6094379124341003
9.91655,0.0,18.1,0,0.693,5.852,77.8,1.5004,24,666,20.2,338.16,29.97,6.3,2.390279986333144,0.0,0.4057317392255952,3.4001968813285717,1.840549633397487
25.0461,0.0,18.1,0,0.693,5.987,100.0,1.5888,24,666,20.2,396.9,26.77,5.6,3.2598680448992714,0.0,0.4629790143087711,3.2872818575322613,1.7227665977411035
14.2362,0.0,18.1,0,0.693,6.343,100.0,1.5741,24,666,20.2,396.9,20.32,7.2,2.7236741753351374,0.0,0.45368368037863877,3.011605622710281,1.9740810260220096
9.59571,0.0,18.1,0,0.693,6.404,100.0,1.639,24,666,20.2,376.11,20.31,12.1,2.360449202216868,0.0,0.49408629976169266,3.011113375592293,2.4932054526026954
24.8017,0.0,18.1,0,0.693,5.349,96.0,1.7028,24,666,20.2,396.9,19.77,8.3,3.250440381229692,0.0,0.5322739549718603,2.9841656371825254,2.1162555148025524
41.5292,0.0,18.1,0,0.693,5.531,85.4,1.6074,24,666,20.2,329.46,27.38,8.5,3.7501908988370403,0.0,0.47461796679648094,3.3098128198603027,2.1400661634962708
67.9208,0.0,18.1,0,0.693,5.683,100.0,1.4254,24,666,20.2,384.97,22.98,5.0,4.232958019253417,0.0,0.3544524760856333,3.1346242724206097,1.6094379124341003
20.7162,0.0,18.1,0,0.659,4.138,100.0,1.1781,24,666,20.2,370.22,23.34,11.9,3.0780585258000213,0.0,0.16390297126993653,3.15016862685841,2.4765384001174837
11.9511,0.0,18.1,0,0.659,5.608,100.0,1.2852,24,666,20.2,332.09,12.13,27.9,2.5611807266231144,0.0,0.25091434825956627,2.495681722955959,3.32862668882732
7.40389,0.0,18.1,0,0.597,5.617,97.9,1.4547,24,666,20.2,314.64,26.4,17.2,2.1286946938918567,0.0,0.3747996937972793,3.2733640101522705,2.8449093838194073
14.4383,0.0,18.1,0,0.597,6.852,100.0,1.4655,24,666,20.2,179.36,19.78,27.5,2.736851434907838,0.0,0.3821964811688101,2.984671326194566,3.3141860046725258
51.1358,0.0,18.1,0,0.597,5.757,100.0,1.413,24,666,20.2,2.6,10.11,15.0,3.9538518529018067,0.0,0.3457151037023904,2.3135250330323798,2.70805020110221
14.0507,0.0,18.1,0,0.597,6.657,100.0,1.5275,24,666,20.2,35.05,21.22,17.2,2.7114245017411593,0.0,0.4236324120636134,3.054944133185837,2.8449093838194073
18.811,0.0,18.1,0,0.597,4.628,100.0,1.5539,24,666,20.2,28.79,34.37,17.9,2.9862373389921895,0.0,0.4407678998105515,3.5371840908617425,2.884800712846709
28.6558,0.0,18.1,0,0.597,5.155,100.0,1.5894,24,666,20.2,210.97,20.08,16.3,3.3896577218278483,0.0,0.4633565865239419,2.9997242948235283,2.791165107812717
45.7461,0.0,18.1,0,0.693,4.519,100.0,1.6582,24,666,20.2,88.27,36.98,7.0,3.844730829794956,0.0,0.5057326766999812,3.610377225958979,1.9459101490553132
18.0846,0.0,18.1,0,0.679,6.434,100.0,1.8347,24,666,20.2,27.25,29.05,7.2,2.9488817271093315,0.0,0.6068809804025369,3.3690184832979204,1.9740810260220096
10.8342,0.0,18.1,0,0.679,6.782,90.8,1.8195,24,666,20.2,21.57,25.79,7.5,2.4709936445680034,0.0,0.5985617380700774,3.2499868198932536,2.0149030205422647
25.9406,0.0,18.1,0,0.679,5.304,89.1,1.6475,24,666,20.2,127.36,26.64,10.4,3.293634442449129,0.0,0.49925898739452523,3.2824138456721883,2.341805806147327
73.5341,0.0,18.1,0,0.679,5.957,100.0,1.8026,24,666,20.2,16.45,20.62,8.8,4.3112567387853336,0.0,0.5892300671401723,3.026261478588814,2.174751721484161
11.8123,0.0,18.1,0,0.718,6.824,76.5,1.794,24,666,20.2,48.45,22.74,8.4,2.5504056470206957,0.0,0.5844477636366044,3.12412548832239,2.128231705849268
11.0874,0.0,18.1,0,0.718,6.411,100.0,1.8589,24,666,20.2,318.75,15.02,16.7,2.492163587735884,0.0,0.6199849149309613,2.7093826463359885,2.8154087194227095
7.02259,0.0,18.1,0,0.718,6.006,95.3,1.8746,24,666,20.2,319.98,15.7,14.2,2.0822613123870632,0.0,0.6283953033302484,2.7536607123542622,2.653241964607215
12.0482,0.0,18.1,0,0.614,5.648,87.6,1.9512,24,666,20.2,291.55,14.1,20.8,2.5686501932208596,0.0,0.6684445679195735,2.6461747973841225,3.0349529867072724
7.05042,0.0,18.1,0,0.614,6.103,85.1,2.0218,24,666,20.2,2.52,23.29,13.4,2.085724263982504,0.0,0.7039882037378201,3.1480240838962494,2.5952547069568657
8.79212,0.0,18.1,0,0.584,5.565,70.6,2.0635,24,666,20.2,3.65,17.16,11.7,2.2815779805968406,0.0,0.7244035702104994,2.8425810940598164,2.4595888418037104
15.8603,0.0,18.1,0,0.679,5.896,95.4,1.9096,24,666,20.2,7.68,24.39,8.3,2.8249617460097114,0.0,0.6468937960424833,3.194173212227829,2.1162555148025524
12.2472,0.0,18.1,0,0.584,5.837,59.7,1.9976,24,666,20.2,24.65,15.69,10.2,2.5837862093461372,0.0,0.6919464599834264,2.753023566744941,2.322387720290225
37.6619,0.0,18.1,0,0.679,6.202,78.7,1.8629,24,666,20.2,18.82,14.52,10.9,3.6548546189770925,0.0,0.6221344133135258,2.67552700939665,2.388762789235098
7.36711,0.0,18.1,0,0.679,6.193,78.1,1.9356,24,666,20.2,96.73,21.52,11.0,2.1243085441136205,0.0,0.6604173559370264,3.0689827352935835,2.3978952727983707
9.33889,0.0,18.1,0,0.679,6.38,95.6,1.9682,24,666,20.2,60.72,24.08,9.5,2.335912513221137,0.0,0.677119419482748,3.1813816204406202,2.2512917986064953
8.49213,0.0,18.1,0,0.584,6.348,86.1,2.0527,24,666,20.2,83.45,17.64,14.5,2.2504630342235155,0.0,0.7191559997409962,2.8701690505786455,2.6741486494265287
10.0623,0.0,18.1,0,0.584,6.833,94.3,2.0882,24,666,20.2,81.33,19.69,14.1,2.4035429310745737,0.0,0.7363024508738729,2.9801108926510342,2.6461747973841225
6.44405,0.0,18.1,0,0.584,6.425,74.8,2.2004,24,666,20.2,97.95,12.03,16.1,2.0074150555763612,0.0,0.7886391620191661,2.4874035299865875,2.7788192719904172
5.58107,0.0,18.1,0,0.713,6.436,87.9,2.3158,24,666,20.2,100.19,16.22,14.3,1.8841973460987684,0.0,0.8397552001960356,2.7862450486872667,2.6602595372658615
13.9134,0.0,18.1,0,0.713,6.208,95.0,2.2222,24,666,20.2,100.63,15.17,11.7,2.7022601376565687,0.0,0.7984976961677712,2.719319793360441,2.4595888418037104
11.1604,0.0,18.1,0,0.74,6.629,94.6,2.1247,24,666,20.2,109.85,23.27,13.4,2.498184770733843,0.0,0.7536306159394559,3.1471649773142003,2.5952547069568657
14.4208,0.0,18.1,0,0.74,6.461,93.3,2.0026,24,666,20.2,27.49,18.05,9.6,2.7357172474638767,0.0,0.6944463362915655,2.89314568477889,2.2617630984737906
15.1772,0.0,18.1,0,0.74,6.152,100.0,1.9142,24,666,20.2,9.32,26.45,8.7,2.7836028435028815,0.0,0.649299780779669,3.2752561583043085,2.163323025660538
13.6781,0.0,18.1,0,0.74,5.935,87.9,1.8206,24,666,20.2,68.95,34.02,8.4,2.6863565870169546,0.0,0.5991661170890513,3.5269485869677157,2.128231705849268
9.39063,0.0,18.1,0,0.74,5.627,93.9,1.8172,24,666,20.2,396.9,22.88,12.8,2.340904438499074,0.0,0.5972968549031111,3.130263166511597,2.5494451709255714
22.0511,0.0,18.1,0,0.74,5.818,92.4,1.8662,24,666,20.2,391.45,22.11,10.5,3.137713490646716,0.0,0.6239042778177846,3.096029994869355,2.3513752571634776
9.72418,0.0,18.1,0,0.74,6.406,97.2,2.0651,24,666,20.2,385.96,19.52,17.1,2.372501005014648,0.0,0.7251786513906091,2.9714395809849465,2.8390784635086144
5.66637,0.0,18.1,0,0.74,6.219,100.0,2.0048,24,666,20.2,395.69,16.59,18.4,1.8970754838957269,0.0,0.6955443051596668,2.808800104202353,2.91235066461494
9.96654,0.0,18.1,0,0.74,6.485,100.0,1.9784,24,666,20.2,386.73,18.85,15.4,2.394848818884537,0.0,0.6822884372250694,2.93651291389402,2.7343675094195836
12.8023,0.0,18.1,0,0.74,5.854,96.6,1.8956,24,666,20.2,240.52,23.79,10.8,2.6248352449424797,0.0,0.6395354111112962,3.1692653243148663,2.379546134130174
10.6718,0.0,18.1,0,0.74,6.459,94.8,1.9879,24,666,20.2,43.06,23.98,11.8,2.4571756760496895,0.0,0.6870788051583386,3.177220149599368,2.468099531471619
6.28807,0.0,18.1,0,0.74,6.341,96.4,2.072,24,666,20.2,318.01,17.79,14.9,1.9862387647413884,0.0,0.7285143243972366,2.8786365016777435,2.7013612129514133
9.92485,0.0,18.1,0,0.74,6.251,96.6,2.198,24,666,20.2,388.52,16.44,12.6,2.39104001091028,0.0,0.7875478559814296,2.799717389628034,2.533696813957432
9.32909,0.0,18.1,0,0.713,6.185,98.7,2.2616,24,666,20.2,396.9,18.13,14.1,2.334964186317933,0.0,0.8160725273972436,2.8975680247667595,2.6461747973841225
7.52601,0.0,18.1,0,0.713,6.417,98.3,2.185,24,666,20.2,304.21,19.31,13.0,2.143121491225277,0.0,0.7816158285475535,2.960623096440423,2.5649493574615367
6.71772,0.0,18.1,0,0.713,6.749,92.6,2.3236,24,666,20.2,0.32,17.44,13.4,2.0435189836286223,0.0,0.8431177071362403,2.8587664184808337,2.5952547069568657
5.44114,0.0,18.1,0,0.713,6.655,98.2,2.3552,24,666,20.2,355.29,17.73,15.2,1.862705543083853,0.0,0.85662564955242,2.8752581200861167,2.7212954278522306
5.09017,0.0,18.1,0,0.713,6.297,91.8,2.3682,24,666,20.2,385.09,17.27,16.1,1.8066759959463214,0.0,0.8621301729147193,2.848970892158587,2.7788192719904172
8.24809,0.0,18.1,0,0.713,7.393,99.3,2.4527,24,666,20.2,375.87,16.74,17.8,2.224417043716578,0.0,0.897189458571754,2.817801065061329,2.8791984572980396
9.51363,0.0,18.1,0,0.713,6.728,94.1,2.4961,24,666,20.2,6.68,18.71,14.9,2.3526725106043593,0.0,0.9147295138072007,2.9290581402859983,2.7013612129514133
4.75237,0.0,18.1,0,0.713,6.525,86.5,2.4358,24,666,20.2,50.92,18.13,14.1,1.749611943801969,0.0,0.890275244670873,2.8975680247667595,2.6461747973841225
4.66883,0.0,18.1,0,0.713,5.976,87.9,2.5806,24,666,20.2,10.48,19.01,12.7,1.7349827472403847,0.0,0.9480219300356085,2.944965156500338,2.5416019934645457
8.20058,0.0,18.1,0,0.713,5.936,80.3,2.7792,24,666,20.2,3.5,16.94,13.5,2.219266525546099,0.0,1.0221631165047034,2.8296776892239084,2.6026896854443837
7.75223,0.0,18.1,0,0.713,6.301,83.7,2.7831,24,666,20.2,272.21,16.23,14.9,2.1693085250418154,0.0,1.0235654143451984,2.7868613815264998,2.7013612129514133
6.80117,0.0,18.1,0,0.713,6.081,84.4,2.7175,24,666,20.2,396.9,14.7,20.0,2.0542737224466707,0.0,0.9997123400132274,2.6878474937846906,2.995732273553991
4.81213,0.0,18.1,0,0.713,6.701,90.0,2.5975,24,666,20.2,255.23,16.42,16.4,1.7599471129733724,0.0,0.9545494439912454,2.7985001040242823,2.797281334830153
3.69311,0.0,18.1,0,0.713,6.376,88.4,2.5671,24,666,20.2,391.43,14.65,17.7,1.546095475702301,0.0,0.9427768571099817,2.6844403354630764,2.8735646395797834
6.65492,0.0,18.1,0,0.713,6.317,83.0,2.7344,24,666,20.2,396.9,13.99,19.5,2.035348578369212,0.0,1.0059120333791893,2.63834278867739,2.970414465569701
5.82115,0.0,18.1,0,0.713,6.513,89.9,2.8016,24,666,20.2,393.82,10.29,20.2,1.9200280793412094,0.0,1.0301906825494505,2.331172549845958,3.005682604407159
7.83932,0.0,18.1,0,0.655,6.209,65.4,2.9634,24,666,20.2,396.9,13.22,21.4,2.1792099506138976,0.0,1.086337257792497,2.5817308344235403,3.0633909220278057
3.1636,0.0,18.1,0,0.655,5.759,48.2,3.0665,24,666,20.2,334.4,14.13,19.9,1.4263800846591763,0.0,1.1205368460839014,2.6483001966964363,2.990719731730447
3.77498,0.0,18.1,0,0.655,5.952,84.7,2.8715,24,666,20.2,22.01,17.15,19.0,1.5633897854422465,0.0,1.0548345413222142,2.8419981736119486,2.9444389791664403
4.42228,0.0,18.1,0,0.584,6.003,94.5,2.5403,24,666,20.2,331.29,21.32,19.1,1.690516391203815,0.0,0.9322821842922008,3.0596455992976437,2.9496883350525844
15.5757,0.0,18.1,0,0.58,5.926,71.0,2.9084,24,666,20.2,368.74,18.13,19.1,2.807937767457695,0.0,1.0676031017937646,2.8975680247667595,2.9496883350525844
13.0751,0.0,18.1,0,0.58,5.713,56.7,2.8237,24,666,20.2,396.9,14.76,20.1,2.6444072787962525,0.0,1.0380480816933282,2.6919208191723265,3.0007198150650303
4.34879,0.0,18.1,0,0.58,6.167,84.0,3.0334,24,666,20.2,396.9,16.29,19.9,1.6768703671037264,0.0,1.1096841026351594,2.790551422613954,2.990719731730447
4.03841,0.0,18.1,0,0.532,6.229,90.7,3.0993,24,666,20.2,395.33,12.87,19.6,1.6170905561197193,0.0,1.1311762795413725,2.554899021608035,2.975529566236472
3.56868,0.0,18.1,0,0.58,6.437,75.0,2.8965,24,666,20.2,393.37,14.36,23.2,1.5192243229211484,0.0,1.0635031115545417,2.664446563620078,3.1441522786722644
4.64689,0.0,18.1,0,0.614,6.98,67.6,2.5329,24,666,20.2,374.68,11.66,29.8,1.7311049511313974,0.0,0.929364891361427,2.4561641809223462,3.3945083935113587
8.05579,0.0,18.1,0,0.584,5.427,95.4,2.4298,24,666,20.2,352.58,18.14,13.8,2.203404332146021,0.0,0.8878089494385047,2.8981194446869907,2.624668592163159
6.39312,0.0,18.1,0,0.584,6.162,97.4,2.206,24,666,20.2,302.76,24.1,13.3,2.000549838013637,0.0,0.7911809208313108,3.1822118404966093,2.5877640352277083
4.87141,0.0,18.1,0,0.614,6.484,93.6,2.3053,24,666,20.2,396.21,18.68,16.7,1.7700948094248417,0.0,0.8352108198234132,2.9274534328006965,2.8154087194227095
15.0234,0.0,18.1,0,0.614,5.304,97.3,2.1007,24,666,20.2,349.48,24.91,12.0,2.7740501538282305,0.0,0.7422706225194976,3.215269329274089,2.4849066497880004
10.233,0.0,18.1,0,0.614,6.185,96.7,2.1705,24,666,20.2,379.7,18.03,14.6,2.418855874659432,0.0,0.7749575557575112,2.8920370372152258,2.681021528714291
14.3337,0.0,18.1,0,0.614,6.229,88.0,1.9512,24,666,20.2,383.32,13.11,21.4,2.730053020578551,0.0,0.6684445679195735,2.5733752977756086,3.0633909220278057
5.82401,0.0,18.1,0,0.532,6.242,64.7,3.4242,24,666,20.2,396.9,10.74,23.0,1.9204472756044826,0.0,1.2308678677885803,2.3739750890807185,3.1354942159291497
5.70818,0.0,18.1,0,0.532,6.75,74.9,3.3317,24,666,20.2,393.07,7.74,23.7,1.9033276772324317,0.0,1.2034826842367052,2.046401687601636,3.1654750481410856
5.73116,0.0,18.1,0,0.532,7.061,77.0,3.4106,24,666,20.2,395.28,7.01,25.0,1.9067474913596385,0.0,1.226888228896677,1.9473377010464987,3.2188758248682006
2.81838,0.0,18.1,0,0.532,5.762,40.3,4.0983,24,666,20.2,392.92,10.42,21.8,1.3398262488998969,0.0,1.410572253579414,2.343727036325221,3.0819099697950434
2.37857,0.0,18.1,0,0.583,5.871,41.9,3.724,24,666,20.2,370.73,13.34,20.6,1.2174525430495582,0.0,1.3147983594148207,2.590767040487478,3.0252910757955354
3.67367,0.0,18.1,0,0.583,6.312,51.9,3.9917,24,666,20.2,388.62,10.58,21.2,1.541944630286521,0.0,1.384217205324691,2.3589654264301534,3.054001181677967
5.69175,0.0,18.1,0,0.583,6.114,79.8,3.5459,24,666,20.2,392.68,14.98,19.1,1.9008754243872985,0.0,1.2657920064647443,2.7067159780890733,2.9496883350525844
4.83567,0.0,18.1,0,0.583,5.905,53.2,3.1523,24,666,20.2,388.22,11.45,20.6,1.763989083482614,0.0,1.1481323451315006,2.4379897300002487,3.0252910757955354
0.15086,0.0,27.74,0,0.609,5.454,92.7,1.8209,4,711,20.1,395.09,18.06,15.2,0.14050948897951462,0.0,0.5993308843556605,2.8936995479888394,2.7212954278522306
0.18337,0.0,27.74,0,0.609,5.414,98.3,1.7554,4,711,20.1,344.05,23.97,7.0,0.16836630025465413,0.0,0.5626967511758802,3.176803048446293,1.9459101490553132
0.20746,0.0,27.74,0,0.609,5.093,98.0,1.8226,4,711,20.1,318.43,29.68,8.1,0.18851897970190706,0.0,0.6002640530798894,3.39047341829918,2.0918640616783932
0.10574,0.0,27.74,0,0.609,5.983,98.8,1.8681,4,711,20.1,390.11,18.07,13.6,0.10051479408986368,0.0,0.624921871564379,2.8942531046041373,2.6100697927420065
0.11132,0.0,27.74,0,0.609,5.983,83.5,2.1099,4,711,20.1,396.9,13.35,20.1,0.10554849798804088,0.0,0.7466405529999453,2.5915163848462583,3.0007198150650303
0.17331,0.0,9.69,0,0.585,5.707,54.0,2.3817,6,391,19.2,396.9,12.01,21.8,0.15982881438052332,0.0,0.8678145184170403,2.485739636091892,3.0819099697950434
0.27957,0.0,9.69,0,0.585,5.926,42.6,2.3817,6,391,19.2,396.9,13.59,24.5,0.24652408399188336,0.0,0.8678145184170403,2.6093342281630525,3.1986731175506815
0.17899,0.0,9.69,0,0.585,5.67,28.8,2.7986,6,391,19.2,393.29,17.6,23.1,0.16465813975505655,0.0,1.0291192921394758,2.8678989020441064,3.139832617527748
0.2896,0.0,9.69,0,0.585,5.39,72.9,2.7986,6,391,19.2,396.9,21.14,19.7,0.25433209277022684,0.0,1.0291192921394758,3.051166980442092,2.9806186357439426
0.26838,0.0,9.69,0,0.585,5.794,70.6,2.8927,6,391,19.2,396.9,14.1,18.3,0.23774049566117803,0.0,1.0621903220341422,2.6461747973841225,2.9069010598473755
0.23912,0.0,9.69,0,0.585,6.019,65.3,2.4091,6,391,19.2,396.9,12.92,21.2,0.21440145025736632,0.0,0.8792532337715917,2.558776498354456,3.054001181677967
0.17783,0.0,9.69,0,0.585,5.569,73.5,2.3999,6,391,19.2,395.77,15.1,17.5,0.16367376242147158,0.0,0.8754270698191536,2.714694743820879,2.8622008809294686
0.177783,0.0,9.69,0,0.585,6.027,79.7,2.4982,6,391,19.2,396.9,14.33,16.8,0.16363385773423625,0.0,0.9155704725496719,2.6623552418400807,2.8213788864092133
0.06263,0.0,11.93,0,0.573,6.593,69.1,2.4786,1,273,21.0,391.99,9.67,22.4,0.06074696727310071,0.0,0.9076938846486369,2.269028309465203,3.109060958860994
0.04527,0.0,11.93,0,0.573,6.12,76.7,2.2875,1,273,21.0,396.9,9.08,20.6,0.0442752252499075,0.0,0.8274595181675394,2.206074192613202,3.0252910757955354
0.06076,0.0,11.93,0,0.573,6.976,91.0,2.1675,1,273,21.0,396.9,5.64,23.9,0.058985632347870916,0.0,0.7735744296725598,1.7298840655099674,3.173878458937465
0.10959,0.0,11.93,0,0.573,6.794,89.3,2.3889,1,273,21.0,393.45,6.48,22.0,0.10399057772120508,0.0,0.8708330089493718,1.8687205103641833,3.091042453358316
0.04741,0.0,11.93,0,0.573,6.03,80.8,2.505,1,273,21.0,396.9,7.88,11.9,0.04632045026850427,0.0,0.9182887345368281,2.064327903869788,2.4765384001174837
0.98765,0.0,12.5,0,0.561,6.98,89.0,2.098,3,320,23.0,396.0,12.0,12.0,0.6869530363966179,0.0,0.7409845099741054,2.4849066497880004,2.4849066497880004
0.23456,0.0,12.5,0,0.561,6.98,76.0,2.654,3,320,23.0,343.0,25.0,32.0,0.2107146312951725,0.0,0.9760679359100157,3.2188758248682006,3.4657359027997265
0.44433,0.0,12.5,0,0.561,6.123,98.0,2.987,3,320,23.0,343.0,21.0,54.0,0.3676455462171634,0.0,1.0942695392339727,3.044522437723423,3.9889840465642745
0.77763,0.0,12.7,0,0.561,6.222,34.0,2.543,3,329,23.0,343.0,76.0,67.0,0.5752810164484876,0.0,0.9333444864399827,4.330733340286331,4.204692619390966
0.65432,0.0,12.8,0,0.561,6.76,67.0,2.987,3,345,23.0,321.0,45.0,24.0,0.5033900482633691,0.0,1.0942695392339727,3.8066624897703196,3.1780538303479458
